"","cc_date","last4ccnum","location","cc_price","loyaltynum","loyalty_price","loyalty_date"
"1",2014-01-06,"4795","Brew've Been Served",11.34,"L8566",11.34,2014-01-06
"2",2014-01-06,"6816","Brew've Been Served",8.33,"L8148",8.33,2014-01-06
"3",2014-01-06,"9617","Hallowed Grounds",16.72,"L5553",16.72,2014-01-06
"4",2014-01-06,"7384","Brew've Been Served",4.24,"L3800",4.24,2014-01-06
"5",2014-01-06,"5368","Brew've Been Served",4.17,"L2247",4.17,2014-01-06
"6",2014-01-06,"4948","Brew've Been Served",9.6,"L9406",9.6,2014-01-06
"7",2014-01-06,"9683","Brew've Been Served",16.9,"L7291",16.9,2014-01-06
"8",2014-01-06,"8129","Hallowed Grounds",16.53,"L8328",16.53,2014-01-06
"9",2014-01-06,"3492","Hallowed Grounds",10.66,"L7814",10.66,2014-01-06
"10",2014-01-06,"5921","Coffee Cameleon",8.39,"L3295",8.39,2014-01-06
"11",2014-01-06,"2142","Coffee Cameleon",11.86,"L9637",11.86,2014-01-06
"12",2014-01-06,"9551","Hallowed Grounds",8.05,"L5777",8.05,2014-01-06
"13",2014-01-06,"3484","Brew've Been Served",3.67,"L2490",3.67,2014-01-06
"14",2014-01-06,"7819","Brew've Been Served",8.88,"L5259",8.88,2014-01-06
"15",2014-01-06,"5407","Brew've Been Served",4.27,"L4034",4.27,2014-01-06
"16",2014-01-06,"1874","Hallowed Grounds",10.07,"L4424",10.07,2014-01-06
"17",2014-01-06,"3853","Brew've Been Served",18.24,"L1485",18.24,2014-01-06
"18",2014-01-06,"4434","Brew've Been Served",15.58,"L2169",15.58,2014-01-06
"19",2014-01-06,"6901","Brew've Been Served",5.66,"L9363",5.66,2014-01-06
"20",2014-01-06,"1286","Brew've Been Served",14.97,"L3572",14.97,2014-01-06
"21",2014-01-06,"8411","Brew've Been Served",11.2,"L6110",11.2,2014-01-06
"22",2014-01-06,"8202","Brew've Been Served",15.39,"L2343",15.39,2014-01-06
"23",2014-01-06,"9220","Abila Airport",4540.08,"L4063",4540.08,2014-01-06
"24",2014-01-06,"9220","Kronos Pipe and Irrigation",242.21,"L4063",242.21,2014-01-06
"25",2014-01-06,"9735","Nationwide Refinery",761.64,"L9633",761.64,2014-01-06
"26",2014-01-06,"9220","Maximum Iron and Steel",2859.51,"L4063",2859.51,2014-01-06
"27",2014-01-06,"9735","Stewart and Sons Fabrication",2144.62,"L9633",2144.62,2014-01-06
"28",2014-01-06,"9220","Carlyle Chemical Inc.",3959.66,"L4063",3959.66,2014-01-06
"29",2014-01-06,"1415","Bean There Done That",10.28,"L7783",10.28,2014-01-06
"30",2014-01-06,"9635","Bean There Done That",16.09,"L3191",16.09,2014-01-06
"31",2014-01-06,"7688","Brewed Awakenings",5.72,"L4164",5.72,2014-01-06
"32",2014-01-06,"6899","Jack's Magical Beans",11.03,"L6267",11.03,2014-01-06
"33",2014-01-06,"2540","Brewed Awakenings",16.89,"L5947",16.89,2014-01-06
"34",2014-01-06,"1877","Bean There Done That",8.54,"L3014",8.54,2014-01-06
"35",2014-01-06,"8332","Brewed Awakenings",4.35,"L2070",4.35,2014-01-06
"36",2014-01-06,"1321","Bean There Done That",5.24,"L4149",5.24,2014-01-06
"37",2014-01-06,"6895","Bean There Done That",4.27,"L3366",4.27,2014-01-06
"38",2014-01-06,"9241","Jack's Magical Beans",18.59,"L3288",18.59,2014-01-06
"39",2014-01-06,"2463","Jack's Magical Beans",18.1,"L6886",18.1,2014-01-06
"40",2014-01-06,"7253","Gelatogalore",12.74,"L1682",12.74,2014-01-06
"41",2014-01-06,"6691","Hippokampos",34.03,"L6267",34.03,2014-01-06
"42",2014-01-06,"2540","Ouzeri Elian",38.9,"L5947",38.9,2014-01-06
"43",2014-01-06,"4795","Hippokampos",13.26,"L8566",13.26,2014-01-06
"44",2014-01-06,"1415","Guy's Gyros",15.44,"L7783",15.44,2014-01-06
"45",2014-01-06,"7688","Abila Zacharo",30.08,"L4164",30.08,2014-01-06
"46",2014-01-06,"8411","Katerina's Cafe",33.54,"L6110",33.54,2014-01-06
"47",2014-01-06,"5407","Kalami Kafenion",8.64,"L4034",8.64,2014-01-06
"48",2014-01-06,"7384","Guy's Gyros",16.92,"L3800",16.92,2014-01-06
"49",2014-01-06,"2681","Hippokampos",36.54,"L1107",36.54,2014-01-06
"50",2014-01-06,"6816","Ouzeri Elian",20.56,"L8148",20.56,2014-01-06
"51",2014-01-06,"1310","Guy's Gyros",11.22,"L8012",11.22,2014-01-06
"52",2014-01-06,"7889","Gelatogalore",22.64,"L6119",22.64,2014-01-06
"53",2014-01-06,"6895","Ouzeri Elian",20.4,"L3366",20.4,2014-01-06
"54",2014-01-06,"9635","Guy's Gyros",30.82,"L3191",30.82,2014-01-06
"55",2014-01-06,"6899","Katerina's Cafe",18.56,"L6267",18.56,2014-01-06
"56",2014-01-06,"5368","Ouzeri Elian",20.74,"L2247",20.74,2014-01-06
"57",2014-01-06,"5921","Ouzeri Elian",30.87,"L3295",30.87,2014-01-06
"58",2014-01-06,"1874","Katerina's Cafe",13.59,"L4424",13.59,2014-01-06
"59",2014-01-06,"9617","Katerina's Cafe",32.64,"L5553",32.64,2014-01-06
"60",2014-01-06,"4434","Kalami Kafenion",22.31,"L2169",22.31,2014-01-06
"61",2014-01-06,"3492","Gelatogalore",36.33,"L7814",36.33,2014-01-06
"62",2014-01-06,"9405","Abila Zacharo",23.15,"L3259",23.15,2014-01-06
"63",2014-01-06,"1877","Hippokampos",8.64,"L3014",8.64,2014-01-06
"64",2014-01-06,"8202","Hippokampos",38.25,"L2343",38.25,2014-01-06
"65",2014-01-06,"3853","Katerina's Cafe",39.41,"L1485",39.41,2014-01-06
"66",2014-01-06,"7117","Kalami Kafenion",13.08,"L6417",13.08,2014-01-06
"67",2014-01-06,"7819","Gelatogalore",23.41,"L5259",23.41,2014-01-06
"68",2014-01-06,"4948","Hippokampos",30.88,"L9406",30.88,2014-01-06
"69",2014-01-06,"8129","Kalami Kafenion",27.4,"L8328",27.4,2014-01-06
"70",2014-01-06,"6901","Katerina's Cafe",19.65,"L9363",19.65,2014-01-06
"71",2014-01-06,"9220","Abila Airport",777.06,"L4063",777.06,2014-01-06
"72",2014-01-06,"8642","Abila Airport",612.47,"L2769",612.47,2014-01-06
"73",2014-01-06,"3484","U-Pump",59.51,"L2490",59.51,2014-01-06
"74",2014-01-06,"8129","Katerina's Cafe",26.46,"L8328",26.46,2014-01-06
"75",2014-01-06,"7384","Guy's Gyros",39.29,"L3800",39.29,2014-01-06
"76",2014-01-06,"7253","Katerina's Cafe",23.63,"L1682",23.63,2014-01-06
"77",2014-01-06,"1874","Katerina's Cafe",12.32,"L4424",12.32,2014-01-06
"78",2014-01-06,"6901","Guy's Gyros",11.94,"L9363",11.94,2014-01-06
"79",2014-01-06,"8202","Frydos Autosupply n' More",80.85,"L2343",80.85,2014-01-06
"80",2014-01-06,"3484","Guy's Gyros",22.57,"L2490",22.57,2014-01-06
"81",2014-01-06,"5368","Frydos Autosupply n' More",175.87,"L2247",175.87,2014-01-06
"82",2014-01-06,"1321","Hippokampos",35.34,"L4149",35.34,2014-01-06
"83",2014-01-06,"7819","Guy's Gyros",28.94,"L5259",28.94,2014-01-06
"84",2014-01-06,"9551","Albert's Fine Clothing",276.9,"L5777",276.9,2014-01-06
"85",2014-01-06,"9405","Katerina's Cafe",17.92,"L3259",17.92,2014-01-06
"86",2014-01-06,"6691","Katerina's Cafe",28,"L6267",28,2014-01-06
"87",2014-01-06,"5921","Katerina's Cafe",15.52,"L3295",15.52,2014-01-06
"88",2014-01-06,"1877","Hippokampos",26.8,"L3014",26.8,2014-01-06
"89",2014-01-06,"7117","Hippokampos",24.41,"L6417",24.41,2014-01-06
"90",2014-01-06,"1415","Hippokampos",21.33,"L7783",21.33,2014-01-06
"91",2014-01-06,"7354","Shoppers' Delight",293.67,"L9254",293.67,2014-01-06
"92",2014-01-06,"7688","Hippokampos",17.27,"L4164",17.27,2014-01-06
"93",2014-01-06,"3492","Katerina's Cafe",26.1,"L7814",26.1,2014-01-06
"94",2014-01-06,"4434","Albert's Fine Clothing",121.76,"L2169",121.76,2014-01-06
"95",2014-01-06,"4948","Katerina's Cafe",26.51,"L9406",26.51,2014-01-06
"96",2014-01-06,"2142","Frydos Autosupply n' More",197.32,"L9637",197.32,2014-01-06
"97",2014-01-06,"8332","Hippokampos",20.61,"L2070",20.61,2014-01-06
"98",2014-01-07,"7384","Brew've Been Served",5.08,"L3800",5.08,2014-01-07
"99",2014-01-07,"5368","Brew've Been Served",12.74,"L2247",12.74,2014-01-07
"100",2014-01-07,"7889","Hallowed Grounds",14.05,"L6119",14.05,2014-01-07
"101",2014-01-07,"8129","Hallowed Grounds",8.91,"L8328",8.91,2014-01-07
"102",2014-01-07,"5921","Coffee Cameleon",9.1,"L3295",9.1,2014-01-07
"103",2014-01-07,"1310","Hallowed Grounds",7.88,"L8012",7.88,2014-01-07
"104",2014-01-07,"7108","Hallowed Grounds",18.97,"L6544",18.97,2014-01-07
"105",2014-01-07,"5407","Brew've Been Served",4.39,"L4034",4.39,2014-01-07
"106",2014-01-07,"3492","Hallowed Grounds",9.61,"L7814",9.61,2014-01-07
"107",2014-01-07,"4434","Brew've Been Served",3,"L2169",3,2014-01-07
"108",2014-01-07,"1286","Brew've Been Served",11.92,"L3572",11.92,2014-01-07
"109",2014-01-07,"6691","Hallowed Grounds",10.33,"L6267",10.33,2014-01-07
"110",2014-01-07,"8202","Brew've Been Served",17.4,"L2343",17.4,2014-01-07
"111",2014-01-07,"4948","Brew've Been Served",11.91,"L9406",11.91,2014-01-07
"112",2014-01-07,"2142","Coffee Cameleon",11.55,"L9637",11.55,2014-01-07
"113",2014-01-07,"9617","Hallowed Grounds",9.92,"L5553",9.92,2014-01-07
"114",2014-01-07,"9405","Brew've Been Served",14.49,"L3259",14.49,2014-01-07
"115",2014-01-07,"8411","Brew've Been Served",15.66,"L6110",15.66,2014-01-07
"116",2014-01-07,"3506","Abila Airport",3840.37,"L7761",3840.37,2014-01-07
"117",2014-01-07,"3506","Stewart and Sons Fabrication",1200.9,"L7761",1200.9,2014-01-07
"118",2014-01-07,"9735","Nationwide Refinery",1347.36,"L9633",1347.36,2014-01-07
"119",2014-01-07,"7792","Nationwide Refinery",1562.66,"L5756",1562.66,2014-01-07
"120",2014-01-07,"7117","Coffee Shack",16.63,"L6417",16.63,2014-01-07
"121",2014-01-07,"8332","Brewed Awakenings",6.72,"L2070",6.72,2014-01-07
"122",2014-01-07,"1321","Bean There Done That",8.03,"L4149",8.03,2014-01-07
"123",2014-01-07,"9241","Jack's Magical Beans",18.77,"L3288",18.77,2014-01-07
"124",2014-01-07,"8156","Jack's Magical Beans",19.61,"L5224",19.61,2014-01-07
"125",2014-01-07,"8642","Abila Airport",124.89,"L2769",124.89,2014-01-07
"126",2014-01-07,"8156","Guy's Gyros",29.57,"L5224",29.57,2014-01-07
"127",2014-01-07,"1415","Abila Zacharo",13.52,"L7783",13.52,2014-01-07
"128",2014-01-07,"8332","Gelatogalore",35.06,"L2070",35.06,2014-01-07
"129",2014-01-07,"7354","Guy's Gyros",38.56,"L9254",38.56,2014-01-07
"130",2014-01-07,"5407","Kalami Kafenion",11.64,"L4034",11.64,2014-01-07
"131",2014-01-07,"2142","Ouzeri Elian",29.1,"L9637",29.1,2014-01-07
"132",2014-01-07,"4948","Ouzeri Elian",28.37,"L9406",28.37,2014-01-07
"133",2014-01-07,"7253","Gelatogalore",34.04,"L1682",34.04,2014-01-07
"134",2014-01-07,"7889","Katerina's Cafe",22.27,"L6119",22.27,2014-01-07
"135",2014-01-07,"6816","Guy's Gyros",11.31,"L8148",11.31,2014-01-07
"136",2014-01-07,"4795","Kalami Kafenion",18.06,"L8566",18.06,2014-01-07
"137",2014-01-07,"2463","Gelatogalore",8.98,"L6886",8.98,2014-01-07
"138",2014-01-07,"9551","Gelatogalore",21.52,"L5777",21.52,2014-01-07
"139",2014-01-07,"9405","Gelatogalore",17.21,"L3259",17.21,2014-01-07
"140",2014-01-07,"9683","Abila Zacharo",17.81,"L7291",17.81,2014-01-07
"141",2014-01-07,"2418","Abila Zacharo",32.4,"L9018",32.4,2014-01-07
"142",2014-01-07,"1877","Kalami Kafenion",22.83,"L3014",22.83,2014-01-07
"143",2014-01-07,"9635","Guy's Gyros",10.11,"L3191",10.11,2014-01-07
"144",2014-01-07,"7108","Kalami Kafenion",22.14,"L6544",22.14,2014-01-07
"145",2014-01-07,"2681","Gelatogalore",36.5,"L1107",36.5,2014-01-07
"146",2014-01-07,"8411","Ouzeri Elian",21.85,"L6110",21.85,2014-01-07
"147",2014-01-07,"8202","Katerina's Cafe",37.44,"L2343",37.44,2014-01-07
"148",2014-01-07,"6691","Gelatogalore",15.4,"L6267",15.4,2014-01-07
"149",2014-01-07,"4434","Katerina's Cafe",10.9,"L2169",10.9,2014-01-07
"150",2014-01-07,"9617","Guy's Gyros",12.57,"L5553",12.57,2014-01-07
"151",2014-01-07,"8129","Hippokampos",37.57,"L8328",37.57,2014-01-07
"152",2014-01-07,"2276","Abila Scrapyard",2149.28,"L3317",2149.28,2014-01-07
"153",2014-01-07,"4530","Kronos Pipe and Irrigation",3920.82,"L8477",3920.82,2014-01-07
"154",2014-01-07,"4530","Maximum Iron and Steel",3207.31,"L8477",3207.31,2014-01-07
"155",2014-01-07,"8642","Abila Airport",3411.29,"L2769",3411.29,2014-01-07
"156",2014-01-07,"2276","Nationwide Refinery",889.58,"L3317",889.58,2014-01-07
"157",2014-01-07,"7819","Guy's Gyros",14.87,"L5259",14.87,2014-01-07
"158",2014-01-07,"3484","Guy's Gyros",31.23,"L2490",31.23,2014-01-07
"159",2014-01-07,"1877","Hippokampos",20.17,"L3014",20.17,2014-01-07
"160",2014-01-07,"1415","Hippokampos",11.56,"L7783",11.56,2014-01-07
"161",2014-01-07,"7253","Katerina's Cafe",19.49,"L1682",19.49,2014-01-07
"162",2014-01-07,"7117","Albert's Fine Clothing",78.91,"L6417",78.91,2014-01-07
"163",2014-01-07,"2142","Katerina's Cafe",10.07,"L9637",10.07,2014-01-07
"164",2014-01-07,"9241","Ouzeri Elian",11.41,"L3288",11.41,2014-01-07
"165",2014-01-07,"8411","Katerina's Cafe",31.6,"L6110",31.6,2014-01-07
"166",2014-01-07,"5921","Katerina's Cafe",19.53,"L3295",19.53,2014-01-07
"167",2014-01-07,"9617","Katerina's Cafe",17.26,"L5553",17.26,2014-01-07
"168",2014-01-07,"6691","Katerina's Cafe",25.54,"L6267",25.54,2014-01-07
"169",2014-01-07,"5368","Guy's Gyros",23.12,"L2247",23.12,2014-01-07
"170",2014-01-07,"3492","Katerina's Cafe",32.83,"L7814",32.83,2014-01-07
"171",2014-01-07,"2681","Ouzeri Elian",20.53,"L1107",20.53,2014-01-07
"172",2014-01-07,"9405","Katerina's Cafe",33.29,"L3259",33.29,2014-01-07
"173",2014-01-07,"2540","Hippokampos",21.2,"L5947",21.2,2014-01-07
"174",2014-01-07,"2463","Hippokampos",37.88,"L6886",37.88,2014-01-07
"175",2014-01-07,"1310","Katerina's Cafe",18.35,"L8012",18.35,2014-01-07
"176",2014-01-07,"8332","Hippokampos",22.18,"L2070",22.18,2014-01-07
"177",2014-01-08,"7354","Brew've Been Served",15.66,"L9254",15.66,2014-01-08
"178",2014-01-08,"1874","Hallowed Grounds",8.15,"L4424",8.15,2014-01-08
"179",2014-01-08,"8129","Hallowed Grounds",5.85,"L8328",5.85,2014-01-08
"180",2014-01-08,"4948","Brew've Been Served",3.09,"L9406",3.09,2014-01-08
"181",2014-01-08,"9617","Hallowed Grounds",3.4,"L5553",3.4,2014-01-08
"182",2014-01-08,"3492","Hallowed Grounds",3.11,"L7814",3.11,2014-01-08
"183",2014-01-08,"6816","Brew've Been Served",8.27,"L8148",8.27,2014-01-08
"184",2014-01-08,"9683","Brew've Been Served",19.17,"L7291",19.17,2014-01-08
"185",2014-01-08,"2681","Hallowed Grounds",3.9,"L1107",3.9,2014-01-08
"186",2014-01-08,"7253","Coffee Cameleon",6.59,"L1682",6.59,2014-01-08
"187",2014-01-08,"5921","Coffee Cameleon",12.26,"L3295",12.26,2014-01-08
"188",2014-01-08,"6691","Hallowed Grounds",11.63,"L6267",11.63,2014-01-08
"189",2014-01-08,"5407","Brew've Been Served",8.4,"L4034",8.4,2014-01-08
"190",2014-01-08,"2142","Coffee Cameleon",15.71,"L9637",15.71,2014-01-08
"191",2014-01-08,"8202","Brew've Been Served",3.92,"L2343",3.92,2014-01-08
"192",2014-01-08,"7819","Brew've Been Served",17.13,"L5259",17.13,2014-01-08
"193",2014-01-08,"7384","Brew've Been Served",3.42,"L3800",3.42,2014-01-08
"194",2014-01-08,"6901","Brew've Been Served",10.15,"L9363",10.15,2014-01-08
"195",2014-01-08,"8411","Brew've Been Served",11.48,"L6110",11.48,2014-01-08
"196",2014-01-08,"1286","Brew've Been Served",7.26,"L3572",7.26,2014-01-08
"197",2014-01-08,"4434","Brew've Been Served",6.3,"L2169",6.3,2014-01-08
"198",2014-01-08,"2418","Coffee Cameleon",16.17,"L9018",16.17,2014-01-08
"199",2014-01-08,"9152","Nationwide Refinery",4513.16,"L5485",4513.16,2014-01-08
"200",2014-01-08,"9735","Nationwide Refinery",3674.32,"L9633",3674.32,2014-01-08
"201",2014-01-08,"9152","Stewart and Sons Fabrication",1738.26,"L5485",1738.26,2014-01-08
"202",2014-01-08,"9735","Stewart and Sons Fabrication",1673.77,"L9633",1673.77,2014-01-08
"203",2014-01-08,"7117","Coffee Shack",13.13,"L6417",13.13,2014-01-08
"204",2014-01-08,"1415","Bean There Done That",17.45,"L7783",17.45,2014-01-08
"205",2014-01-08,"9635","Bean There Done That",12.07,"L3191",12.07,2014-01-08
"206",2014-01-08,"7688","Brewed Awakenings",11.73,"L4164",11.73,2014-01-08
"207",2014-01-08,"6899","Jack's Magical Beans",3.96,"L6267",3.96,2014-01-08
"208",2014-01-08,"2540","Brewed Awakenings",12.32,"L5947",12.32,2014-01-08
"209",2014-01-08,"9241","Jack's Magical Beans",18.78,"L3288",18.78,2014-01-08
"210",2014-01-08,"8156","Jack's Magical Beans",12.37,"L5224",12.37,2014-01-08
"211",2014-01-08,"3853","Frank's Fuel",65.34,"L1485",65.34,2014-01-08
"212",2014-01-08,"8642","Abila Airport",2723.18,"L2769",2723.18,2014-01-08
"213",2014-01-08,"2540","Chostus Hotel",107.51,"L5947",107.51,2014-01-08
"214",2014-01-08,"4530","Carlyle Chemical Inc.",4983.52,"L8477",4983.52,2014-01-08
"215",2014-01-08,"5407","Abila Zacharo",22.13,"L4034",22.13,2014-01-08
"216",2014-01-08,"8332","Hippokampos",26.55,"L2070",26.55,2014-01-08
"217",2014-01-08,"4795","Hippokampos",9.03,"L8566",9.03,2014-01-08
"218",2014-01-08,"7792","Katerina's Cafe",29.26,"L5756",29.26,2014-01-08
"219",2014-01-08,"9683","Chostus Hotel",111.89,"L7291",111.89,2014-01-08
"220",2014-01-08,"2463","Abila Zacharo",36.85,"L6886",36.85,2014-01-08
"221",2014-01-08,"7253","Hippokampos",16.59,"L1682",16.59,2014-01-08
"222",2014-01-08,"8411","Gelatogalore",32.79,"L6110",32.79,2014-01-08
"223",2014-01-08,"6899","Katerina's Cafe",8.53,"L6267",8.53,2014-01-08
"224",2014-01-08,"9405","Gelatogalore",20.72,"L3259",20.72,2014-01-08
"225",2014-01-08,"5921","Kalami Kafenion",24.08,"L3295",24.08,2014-01-08
"226",2014-01-08,"1321","Hippokampos",37.89,"L4149",37.89,2014-01-08
"227",2014-01-08,"7384","Guy's Gyros",30.12,"L3800",30.12,2014-01-08
"228",2014-01-08,"1415","Abila Zacharo",14.41,"L7783",14.41,2014-01-08
"229",2014-01-08,"2142","Katerina's Cafe",26.45,"L9637",26.45,2014-01-08
"230",2014-01-08,"7889","Gelatogalore",35.29,"L6119",35.29,2014-01-08
"231",2014-01-08,"8202","Kalami Kafenion",22.49,"L2343",22.49,2014-01-08
"232",2014-01-08,"9551","Hippokampos",39.8,"L5777",39.8,2014-01-08
"233",2014-01-08,"7354","Kalami Kafenion",31.96,"L9254",31.96,2014-01-08
"234",2014-01-08,"3492","Kalami Kafenion",23.82,"L7814",23.82,2014-01-08
"235",2014-01-08,"2681","Abila Zacharo",28.25,"L1107",28.25,2014-01-08
"236",2014-01-08,"2418","Gelatogalore",22.27,"L9018",22.27,2014-01-08
"237",2014-01-08,"9635","Hippokampos",28.79,"L3191",28.79,2014-01-08
"238",2014-01-08,"1874","Guy's Gyros",15.86,"L4424",15.86,2014-01-08
"239",2014-01-08,"6901","Abila Zacharo",30.85,"L9363",30.85,2014-01-08
"240",2014-01-08,"6816","Kalami Kafenion",14.77,"L8148",14.77,2014-01-08
"241",2014-01-08,"9617","Abila Zacharo",16.2,"L5553",16.2,2014-01-08
"242",2014-01-08,"4434","Guy's Gyros",10.34,"L2169",10.34,2014-01-08
"243",2014-01-08,"4530","Kronos Pipe and Irrigation",3615.61,"L8477",3615.61,2014-01-08
"244",2014-01-08,"7117","Kalami Kafenion",34.98,"L6417",34.98,2014-01-08
"245",2014-01-08,"4948","Gelatogalore",39.94,"L9406",39.94,2014-01-08
"246",2014-01-08,"8129","Kalami Kafenion",31.43,"L8328",31.43,2014-01-08
"247",2014-01-08,"7792","Carlyle Chemical Inc.",4901.88,"L5756",4901.88,2014-01-08
"248",2014-01-08,"4530","Maximum Iron and Steel",3136.01,"L8477",3136.01,2014-01-08
"249",2014-01-08,"8642","Abila Airport",2769.12,"L2769",2769.12,2014-01-08
"250",2014-01-08,"1415","Hippokampos",10.52,"L7783",10.52,2014-01-08
"251",2014-01-08,"2540","Hippokampos",16.54,"L5947",16.54,2014-01-08
"252",2014-01-08,"5407","Katerina's Cafe",34.25,"L4034",34.25,2014-01-08
"253",2014-01-08,"7354","Guy's Gyros",15.69,"L9254",15.69,2014-01-08
"254",2014-01-08,"4434","Guy's Gyros",30.48,"L2169",30.48,2014-01-08
"255",2014-01-08,"8411","Katerina's Cafe",13.83,"L6110",13.83,2014-01-08
"256",2014-01-08,"6895","Hippokampos",32.66,"L3366",32.66,2014-01-08
"257",2014-01-08,"7384","Guy's Gyros",28.81,"L3800",28.81,2014-01-08
"258",2014-01-08,"2418","Frydos Autosupply n' More",214.07,"L9018",214.07,2014-01-08
"259",2014-01-08,"1310","Katerina's Cafe",31.59,"L8012",31.59,2014-01-08
"260",2014-01-08,"3853","Frydos Autosupply n' More",182.56,"L1485",182.56,2014-01-08
"261",2014-01-08,"9683","Guy's Gyros",18.24,"L7291",18.24,2014-01-08
"262",2014-01-08,"2142","Katerina's Cafe",33.31,"L9637",33.31,2014-01-08
"263",2014-01-08,"6691","Frydos Autosupply n' More",268.89,"L6267",268.89,2014-01-08
"264",2014-01-08,"7889","Katerina's Cafe",36.6,"L6119",36.6,2014-01-08
"265",2014-01-08,"8202","Katerina's Cafe",16.93,"L2343",16.93,2014-01-08
"266",2014-01-08,"9635","Albert's Fine Clothing",136.01,"L3191",136.01,2014-01-08
"267",2014-01-08,"8332","Hippokampos",15.64,"L2070",15.64,2014-01-08
"268",2014-01-08,"7688","Hippokampos",26.31,"L4164",26.31,2014-01-08
"269",2014-01-08,"7108","General Grocer",265.84,"L6544",265.84,2014-01-08
"270",2014-01-08,"1874","Katerina's Cafe",27.87,"L4424",27.87,2014-01-08
"271",2014-01-08,"6899","Ouzeri Elian",29.85,"L6267",29.85,2014-01-08
"272",2014-01-09,"1310","Hallowed Grounds",17.56,"L8012",17.56,2014-01-09
"273",2014-01-09,"5921","Coffee Cameleon",19.99,"L3295",19.99,2014-01-09
"274",2014-01-09,"7384","Brew've Been Served",5.3,"L3800",5.3,2014-01-09
"275",2014-01-09,"4795","Brew've Been Served",5.13,"L8566",5.13,2014-01-09
"276",2014-01-09,"9617","Hallowed Grounds",18.48,"L5553",18.48,2014-01-09
"277",2014-01-09,"6901","Brew've Been Served",19.47,"L9363",19.47,2014-01-09
"278",2014-01-09,"4434","Brew've Been Served",6.21,"L2169",6.21,2014-01-09
"279",2014-01-09,"2142","Coffee Cameleon",16.13,"L9637",16.13,2014-01-09
"280",2014-01-09,"1286","Brew've Been Served",17.64,"L3572",17.64,2014-01-09
"281",2014-01-09,"2681","Hallowed Grounds",15.33,"L1107",15.33,2014-01-09
"282",2014-01-09,"3506","Abila Airport",2358.22,"L7761",2358.22,2014-01-09
"283",2014-01-09,"7792","Carlyle Chemical Inc.",529.47,"L5756",529.47,2014-01-09
"284",2014-01-09,"9735","Nationwide Refinery",674.28,"L9633",674.28,2014-01-09
"285",2014-01-09,"3506","Stewart and Sons Fabrication",1015.65,"L7761",1015.65,2014-01-09
"286",2014-01-09,"4530","Carlyle Chemical Inc.",732.82,"L8477",732.82,2014-01-09
"287",2014-01-09,"7792","Nationwide Refinery",289.3,"L5756",289.3,2014-01-09
"288",2014-01-09,"9735","Stewart and Sons Fabrication",3544,"L9633",3544,2014-01-09
"289",2014-01-09,"7117","Coffee Shack",5.01,"L6417",5.01,2014-01-09
"290",2014-01-09,"1415","Bean There Done That",13,"L7783",13,2014-01-09
"291",2014-01-09,"6899","Jack's Magical Beans",10.11,"L6267",10.11,2014-01-09
"292",2014-01-09,"3853","Jack's Magical Beans",6,"L1485",6,2014-01-09
"293",2014-01-09,"2540","Brewed Awakenings",13.16,"L5947",13.16,2014-01-09
"294",2014-01-09,"1877","Bean There Done That",4.06,"L3014",4.06,2014-01-09
"295",2014-01-09,"8332","Brewed Awakenings",17.66,"L2070",17.66,2014-01-09
"296",2014-01-09,"7253","Katerina's Cafe",17.02,"L1682",17.02,2014-01-09
"297",2014-01-09,"5407","Gelatogalore",19.2,"L4034",19.2,2014-01-09
"298",2014-01-09,"2276","Abila Airport",4792.5,"L3317",4792.5,2014-01-09
"299",2014-01-09,"7688","Ouzeri Elian",26.09,"L4164",26.09,2014-01-09
"300",2014-01-09,"4795","Gelatogalore",23.45,"L8566",23.45,2014-01-09
"301",2014-01-09,"6899","Gelatogalore",8.6,"L6267",8.6,2014-01-09
"302",2014-01-09,"6816","Ouzeri Elian",22.4,"L8148",22.4,2014-01-09
"303",2014-01-09,"7792","Katerina's Cafe",16.98,"L5756",16.98,2014-01-09
"304",2014-01-09,"3484","Abila Zacharo",8.16,"L2490",8.16,2014-01-09
"305",2014-01-09,"8156","Katerina's Cafe",25.85,"L5224",25.85,2014-01-09
"306",2014-01-09,"7889","Guy's Gyros",13.59,"L6119",13.59,2014-01-09
"307",2014-01-09,"2418","Hippokampos",27.47,"L9018",27.47,2014-01-09
"308",2014-01-09,"2463","Abila Zacharo",8.6,"L6886",8.6,2014-01-09
"309",2014-01-09,"3853","Katerina's Cafe",10.42,"L1485",10.42,2014-01-09
"310",2014-01-09,"8411","Gelatogalore",23.23,"L6110",23.23,2014-01-09
"311",2014-01-09,"9683","Hippokampos",27.93,"L7291",27.93,2014-01-09
"312",2014-01-09,"1321","Hippokampos",9.12,"L4149",9.12,2014-01-09
"313",2014-01-09,"7384","Kalami Kafenion",18.14,"L3800",18.14,2014-01-09
"314",2014-01-09,"1874","Abila Zacharo",20.73,"L4424",20.73,2014-01-09
"315",2014-01-09,"9405","Gelatogalore",11.94,"L3259",11.94,2014-01-09
"316",2014-01-09,"9635","Hippokampos",8.43,"L3191",8.43,2014-01-09
"317",2014-01-09,"9617","Guy's Gyros",15,"L5553",15,2014-01-09
"318",2014-01-09,"2681","Gelatogalore",24.68,"L1107",24.68,2014-01-09
"319",2014-01-09,"1310","Hippokampos",13.84,"L8012",13.84,2014-01-09
"320",2014-01-09,"4948","Kalami Kafenion",19.84,"L9406",19.84,2014-01-09
"321",2014-01-09,"6691","Kalami Kafenion",35.99,"L6267",35.99,2014-01-09
"322",2014-01-09,"8129","Kalami Kafenion",10.94,"L8328",10.94,2014-01-09
"323",2014-01-09,"7108","Ouzeri Elian",32.89,"L6544",32.89,2014-01-09
"324",2014-01-09,"1877","Katerina's Cafe",8.01,"L3014",8.01,2014-01-09
"325",2014-01-09,"8202","Guy's Gyros",27.69,"L2343",27.69,2014-01-09
"326",2014-01-09,"2276","Abila Scrapyard",1158.36,"L3317",1158.36,2014-01-09
"327",2014-01-09,"5921","Guy's Gyros",17.44,"L3295",17.44,2014-01-09
"328",2014-01-09,"7819","Abila Zacharo",14.37,"L5259",14.37,2014-01-09
"329",2014-01-09,"7117","Gelatogalore",36.75,"L6417",36.75,2014-01-09
"330",2014-01-09,"7792","Carlyle Chemical Inc.",382.43,"L5756",382.43,2014-01-09
"331",2014-01-09,"4530","Kronos Pipe and Irrigation",423.14,"L8477",423.14,2014-01-09
"332",2014-01-09,"2276","Stewart and Sons Fabrication",918.6,"L3317",918.6,2014-01-09
"333",2014-01-09,"4530","Maximum Iron and Steel",1527.14,"L8477",1527.14,2014-01-09
"334",2014-01-09,"8642","Abila Airport",4538.52,"L2769",4538.52,2014-01-09
"335",2014-01-09,"7792","Carlyle Chemical Inc.",2176.2,"L5756",2176.2,2014-01-09
"336",2014-01-09,"2276","Nationwide Refinery",1322.5,"L3317",1322.5,2014-01-09
"337",2014-01-09,"8129","Katerina's Cafe",35.92,"L8328",35.92,2014-01-09
"338",2014-01-09,"5921","Katerina's Cafe",26.6,"L3295",26.6,2014-01-09
"339",2014-01-09,"3484","Frydos Autosupply n' More",138.02,"L2490",138.02,2014-01-09
"340",2014-01-09,"7354","Guy's Gyros",31.81,"L9254",31.81,2014-01-09
"341",2014-01-09,"6816","Guy's Gyros",29.96,"L8148",29.96,2014-01-09
"342",2014-01-09,"2540","Hippokampos",15.02,"L5947",15.02,2014-01-09
"343",2014-01-09,"4948","Katerina's Cafe",26.6,"L9406",26.6,2014-01-09
"344",2014-01-09,"3492","Katerina's Cafe",19.02,"L7814",19.02,2014-01-09
"345",2014-01-09,"4795","General Grocer",285.34,"L8566",285.34,2014-01-09
"346",2014-01-09,"7117","Albert's Fine Clothing",224.52,"L6417",224.52,2014-01-09
"347",2014-01-09,"8202","Katerina's Cafe",29.82,"L2343",29.82,2014-01-09
"348",2014-01-09,"7889","Guy's Gyros",8.23,"L6119",8.23,2014-01-09
"349",2014-01-09,"1286","Guy's Gyros",18.26,"L3572",18.26,2014-01-09
"350",2014-01-09,"5368","Guy's Gyros",8.23,"L2247",8.23,2014-01-09
"351",2014-01-09,"7384","Guy's Gyros",35.05,"L3800",35.05,2014-01-09
"352",2014-01-09,"2463","Hippokampos",9.13,"L6886",9.13,2014-01-09
"353",2014-01-09,"3853","Frydos Autosupply n' More",276.75,"L1485",276.75,2014-01-09
"354",2014-01-09,"6895","Hippokampos",24.96,"L3366",24.96,2014-01-09
"355",2014-01-09,"4434","Guy's Gyros",31.31,"L2169",31.31,2014-01-09
"356",2014-01-09,"8156","Hippokampos",23.66,"L5224",23.66,2014-01-09
"357",2014-01-09,"2681","Shoppers' Delight",258.43,"L1107",258.43,2014-01-09
"358",2014-01-09,"1310","Katerina's Cafe",8.57,"L8012",8.57,2014-01-09
"359",2014-01-09,"8332","Albert's Fine Clothing",229.98,"L2070",229.98,2014-01-09
"360",2014-01-09,"9635","Hippokampos",10.12,"L3191",10.12,2014-01-09
"361",2014-01-10,"8129","Hallowed Grounds",16.75,"L8328",16.75,2014-01-10
"362",2014-01-10,"6816","Brew've Been Served",15.85,"L8148",15.85,2014-01-10
"363",2014-01-10,"7253","Coffee Cameleon",8.51,"L1682",8.51,2014-01-10
"364",2014-01-10,"1874","Hallowed Grounds",12.03,"L4424",12.03,2014-01-10
"365",2014-01-10,"9617","Hallowed Grounds",8.34,"L5553",8.34,2014-01-10
"366",2014-01-10,"1310","Hallowed Grounds",11.49,"L8012",11.49,2014-01-10
"367",2014-01-10,"3484","Brew've Been Served",5.01,"L2490",5.01,2014-01-10
"368",2014-01-10,"2681","Hallowed Grounds",17.63,"L1107",17.63,2014-01-10
"369",2014-01-10,"5921","Coffee Cameleon",11.54,"L3295",11.54,2014-01-10
"370",2014-01-10,"9405","Brew've Been Served",13.32,"L3259",13.32,2014-01-10
"371",2014-01-10,"7889","Hallowed Grounds",10.34,"L6119",10.34,2014-01-10
"372",2014-01-10,"7108","Hallowed Grounds",10.76,"L6544",10.76,2014-01-10
"373",2014-01-10,"2418","Coffee Cameleon",9.69,"L9018",9.69,2014-01-10
"374",2014-01-10,"1286","Brew've Been Served",5.89,"L3572",5.89,2014-01-10
"375",2014-01-10,"6901","Brew've Been Served",5.31,"L9363",5.31,2014-01-10
"376",2014-01-10,"6691","Hallowed Grounds",9.34,"L6267",9.34,2014-01-10
"377",2014-01-10,"3853","Brew've Been Served",14.45,"L1485",14.45,2014-01-10
"378",2014-01-10,"7819","Brew've Been Served",3.03,"L5259",3.03,2014-01-10
"379",2014-01-10,"4434","Brew've Been Served",12.64,"L2169",12.64,2014-01-10
"380",2014-01-10,"8411","Brew've Been Served",14.36,"L6110",14.36,2014-01-10
"381",2014-01-10,"9614","Carlyle Chemical Inc.",227.81,"L5924",227.81,2014-01-10
"382",2014-01-10,"9735","Nationwide Refinery",1552.82,"L9633",1552.82,2014-01-10
"383",2014-01-10,"9735","Stewart and Sons Fabrication",4074.1,"L9633",4074.1,2014-01-10
"384",2014-01-10,"1415","Bean There Done That",15.39,"L7783",15.39,2014-01-10
"385",2014-01-10,"9635","Bean There Done That",3.92,"L3191",3.92,2014-01-10
"386",2014-01-10,"7688","Brewed Awakenings",13.82,"L4164",13.82,2014-01-10
"387",2014-01-10,"6899","Jack's Magical Beans",15.69,"L6267",15.69,2014-01-10
"388",2014-01-10,"2540","Brewed Awakenings",6.17,"L5947",6.17,2014-01-10
"389",2014-01-10,"1877","Bean There Done That",13.41,"L3014",13.41,2014-01-10
"390",2014-01-10,"8332","Brewed Awakenings",13.9,"L2070",13.9,2014-01-10
"391",2014-01-10,"1321","Bean There Done That",18.67,"L4149",18.67,2014-01-10
"392",2014-01-10,"6895","Bean There Done That",9.3,"L3366",9.3,2014-01-10
"393",2014-01-10,"9241","Jack's Magical Beans",16.29,"L3288",16.29,2014-01-10
"394",2014-01-10,"8156","Jack's Magical Beans",5.46,"L5224",5.46,2014-01-10
"395",2014-01-10,"9614","Stewart and Sons Fabrication",4195.49,"L5924",4195.49,2014-01-10
"396",2014-01-10,"8156","Guy's Gyros",36.44,"L5224",36.44,2014-01-10
"397",2014-01-10,"6816","Guy's Gyros",26.76,"L8148",26.76,2014-01-10
"398",2014-01-10,"7253","Guy's Gyros",15.93,"L1682",15.93,2014-01-10
"399",2014-01-10,"7688","Katerina's Cafe",34.76,"L4164",34.76,2014-01-10
"400",2014-01-10,"3484","Kalami Kafenion",35.69,"L2490",35.69,2014-01-10
"401",2014-01-10,"1415","Gelatogalore",26.15,"L7783",26.15,2014-01-10
"402",2014-01-10,"3853","Ouzeri Elian",35.24,"L1485",35.24,2014-01-10
"403",2014-01-10,"9241","Kalami Kafenion",101.5,"L3288",101.5,2014-01-10
"404",2014-01-10,"1310","Abila Zacharo",36.73,"L8012",36.73,2014-01-10
"405",2014-01-10,"7354","Katerina's Cafe",25.36,"L9254",25.36,2014-01-10
"406",2014-01-10,"7384","Guy's Gyros",26.68,"L3800",26.68,2014-01-10
"407",2014-01-10,"2418","Katerina's Cafe",21.22,"L9018",21.22,2014-01-10
"408",2014-01-10,"2463","Hippokampos",32.01,"L6886",32.01,2014-01-10
"409",2014-01-10,"8411","Guy's Gyros",38.15,"L6110",38.15,2014-01-10
"410",2014-01-10,"9405","Ouzeri Elian",20.46,"L3259",20.46,2014-01-10
"411",2014-01-10,"5407","Kalami Kafenion",27.48,"L4034",27.48,2014-01-10
"412",2014-01-10,"2681","Abila Zacharo",31.34,"L1107",31.34,2014-01-10
"413",2014-01-10,"9635","Guy's Gyros",31.5,"L3191",31.5,2014-01-10
"414",2014-01-10,"6895","Katerina's Cafe",25.62,"L3366",25.62,2014-01-10
"415",2014-01-10,"2142","Katerina's Cafe",24.33,"L9637",24.33,2014-01-10
"416",2014-01-10,"1877","Ouzeri Elian",15.25,"L3014",15.25,2014-01-10
"417",2014-01-10,"1321","Guy's Gyros",31.05,"L4149",31.05,2014-01-10
"418",2014-01-10,"4434","Kalami Kafenion",24.3,"L2169",24.3,2014-01-10
"419",2014-01-10,"8129","Guy's Gyros",16.34,"L8328",16.34,2014-01-10
"420",2014-01-10,"5368","Ouzeri Elian",24.74,"L2247",24.74,2014-01-10
"421",2014-01-10,"6901","Hippokampos",39.89,"L9363",39.89,2014-01-10
"422",2014-01-10,"1874","Abila Zacharo",8.22,"L4424",8.22,2014-01-10
"423",2014-01-10,"3492","Abila Zacharo",16.12,"L7814",16.12,2014-01-10
"424",2014-01-10,"7819","Abila Zacharo",36.38,"L5259",36.38,2014-01-10
"425",2014-01-10,"9617","Ouzeri Elian",30.93,"L5553",30.93,2014-01-10
"426",2014-01-10,"6691","Abila Zacharo",9.32,"L6267",9.32,2014-01-10
"427",2014-01-10,"8202","Gelatogalore",32.19,"L2343",32.19,2014-01-10
"428",2014-01-10,"4795","Octavio's Office Supplies",139.72,"L8566",139.72,2014-01-10
"429",2014-01-10,"7253","Octavio's Office Supplies",64.51,"L1682",64.51,2014-01-10
"430",2014-01-10,"6899","Ouzeri Elian",19.92,"L6267",19.92,2014-01-10
"431",2014-01-10,"6816","Guy's Gyros",23.61,"L8148",23.61,2014-01-10
"432",2014-01-10,"4795","Guy's Gyros",27.78,"L8566",27.78,2014-01-10
"433",2014-01-10,"7117","Hippokampos",19.88,"L6417",19.88,2014-01-10
"434",2014-01-10,"5921","Katerina's Cafe",21.89,"L3295",21.89,2014-01-10
"435",2014-01-10,"8202","Frydos Autosupply n' More",43.65,"L2343",43.65,2014-01-10
"436",2014-01-10,"9405","Katerina's Cafe",15.76,"L3259",15.76,2014-01-10
"437",2014-01-10,"8411","Katerina's Cafe",8.14,"L6110",8.14,2014-01-10
"438",2014-01-10,"6901","Guy's Gyros",29.81,"L9363",29.81,2014-01-10
"439",2014-01-10,"6895","Albert's Fine Clothing",126.13,"L3366",126.13,2014-01-10
"440",2014-01-10,"7819","Shoppers' Delight",279.53,"L5259",279.53,2014-01-10
"441",2014-01-10,"5407","Katerina's Cafe",21.28,"L4034",21.28,2014-01-10
"442",2014-01-10,"8332","Hippokampos",17.21,"L2070",17.21,2014-01-10
"443",2014-01-10,"5368","Guy's Gyros",25.81,"L2247",25.81,2014-01-10
"444",2014-01-10,"4434","General Grocer",227.28,"L2169",227.28,2014-01-10
"445",2014-01-11,"8156","Katerina's Cafe",45.22,"L5224",45.22,2014-01-11
"446",2014-01-11,"2418","Katerina's Cafe",45.21,"L9018",45.21,2014-01-11
"447",2014-01-11,"6895","Katerina's Cafe",29.1,"L3366",29.1,2014-01-11
"448",2014-01-11,"1310","Abila Zacharo",54.82,"L8012",54.82,2014-01-11
"449",2014-01-11,"2540","Abila Zacharo",89.54,"L5947",89.54,2014-01-11
"450",2014-01-11,"9617","Gelatogalore",17.31,"L5553",17.31,2014-01-11
"451",2014-01-11,"3484","Katerina's Cafe",71.65,"L2490",71.65,2014-01-11
"452",2014-01-11,"1321","Katerina's Cafe",23.45,"L4149",23.45,2014-01-11
"453",2014-01-11,"7117","Kalami Kafenion",35.66,"L6417",35.66,2014-01-11
"454",2014-01-11,"7108","Kalami Kafenion",39.36,"L6544",39.36,2014-01-11
"455",2014-01-11,"2142","Katerina's Cafe",26.02,"L9637",26.02,2014-01-11
"456",2014-01-11,"6901","Abila Zacharo",45.2,"L9363",45.2,2014-01-11
"457",2014-01-11,"2418","Shoppers' Delight",238.52,"L9018",238.52,2014-01-11
"458",2014-01-11,"8129","General Grocer",78.02,"L8328",78.02,2014-01-11
"459",2014-01-11,"4434","Albert's Fine Clothing",211.47,"L2169",211.47,2014-01-11
"460",2014-01-11,"7688","Frydos Autosupply n' More",52.73,"L4164",52.73,2014-01-11
"461",2014-01-11,"4795","Ahaggo Museum",89.32,"L8566",89.32,2014-01-11
"462",2014-01-11,"9617","Katerina's Cafe",55.67,"L5553",55.67,2014-01-11
"463",2014-01-11,"7819","Kalami Kafenion",23.86,"L5259",23.86,2014-01-11
"464",2014-01-11,"6899","Ouzeri Elian",69.36,"L6267",69.36,2014-01-11
"465",2014-01-11,"7688","Hippokampos",66.21,"L4164",66.21,2014-01-11
"466",2014-01-11,"8156","Albert's Fine Clothing",105.33,"L5224",105.33,2014-01-11
"467",2014-01-11,"9683","Hippokampos",32.63,"L7291",32.63,2014-01-11
"468",2014-01-11,"4795","Hippokampos",63.21,"L8566",63.21,2014-01-11
"469",2014-01-11,"2142","Katerina's Cafe",33.18,"L9637",33.18,2014-01-11
"470",2014-01-11,"6691","Katerina's Cafe",20.71,"L6267",20.71,2014-01-11
"471",2014-01-11,"2540","Katerina's Cafe",57.36,"L5947",57.36,2014-01-11
"472",2014-01-11,"8332","Hippokampos",63.21,"L2070",63.21,2014-01-11
"473",2014-01-11,"7889","Katerina's Cafe",12.55,"L6119",12.55,2014-01-11
"474",2014-01-11,"1310","Katerina's Cafe",45.68,"L8012",45.68,2014-01-11
"475",2014-01-11,"9635","Hippokampos",67.37,"L3191",67.37,2014-01-11
"476",2014-01-11,"5368","Guy's Gyros",36.2,"L2247",36.2,2014-01-11
"477",2014-01-11,"4948","Katerina's Cafe",25.76,"L9406",25.76,2014-01-11
"478",2014-01-11,"8202","Katerina's Cafe",52.45,"L2343",52.45,2014-01-11
"479",2014-01-11,"7384","Guy's Gyros",33.65,"L3800",33.65,2014-01-11
"480",2014-01-11,"7354","Guy's Gyros",16.33,"L9254",16.33,2014-01-11
"481",2014-01-11,"9405","Katerina's Cafe",9.78,"L3259",9.78,2014-01-11
"482",2014-01-11,"8129","Frydos Autosupply n' More",236.25,"L8328",236.25,2014-01-11
"483",2014-01-11,"1415","Hippokampos",70.23,"L7783",70.23,2014-01-11
"484",2014-01-11,"2418","Katerina's Cafe",94.68,"L9018",94.68,2014-01-11
"485",2014-01-11,"6901","Frydos Autosupply n' More",261,"L9363",261,2014-01-11
"486",2014-01-11,"7117","Hippokampos",69.8,"L6417",69.8,2014-01-11
"487",2014-01-12,"8332","Ouzeri Elian",38.55,"L2070",38.55,2014-01-12
"488",2014-01-12,"5407","Ouzeri Elian",98.45,"L4034",98.45,2014-01-12
"489",2014-01-12,"2142","Hippokampos",12.55,"L9637",12.55,2014-01-12
"490",2014-01-12,"7819","Ouzeri Elian",24.72,"L5259",24.72,2014-01-12
"491",2014-01-12,"1310","Ouzeri Elian",72.32,"L8012",72.32,2014-01-12
"492",2014-01-12,"6901","Guy's Gyros",34.74,"L9363",34.74,2014-01-12
"493",2014-01-12,"8156","Ouzeri Elian",117.22,"L5224",117.22,2014-01-12
"494",2014-01-12,"7117","Hippokampos",29.2,"L6417",29.2,2014-01-12
"495",2014-01-12,"9683","Abila Zacharo",11.2,"L7291",11.2,2014-01-12
"496",2014-01-12,"2463","Desafio Golf Course",129.33,"L6886",129.33,2014-01-12
"497",2014-01-12,"7889","Hippokampos",8.54,"L6119",8.54,2014-01-12
"498",2014-01-12,"3492","Kalami Kafenion",14.59,"L7814",14.59,2014-01-12
"499",2014-01-12,"1874","Hippokampos",12.57,"L4424",12.57,2014-01-12
"500",2014-01-12,"8332","Desafio Golf Course",198.46,"L2070",198.46,2014-01-12
"501",2014-01-12,"8129","Guy's Gyros",30.47,"L8328",30.47,2014-01-12
"502",2014-01-12,"1310","Shoppers' Delight",135.78,"L8012",135.78,2014-01-12
"503",2014-01-12,"1286","Shoppers' Delight",86.22,"L3572",86.22,2014-01-12
"504",2014-01-12,"7819","Shoppers' Delight",204.37,"L5259",204.37,2014-01-12
"505",2014-01-12,"7117","General Grocer",159.3,"L6417",159.3,2014-01-12
"506",2014-01-12,"2142","Albert's Fine Clothing",195.81,"L9637",195.81,2014-01-12
"507",2014-01-12,"3547","Shoppers' Delight",51.5,"L9362",51.5,2014-01-12
"508",2014-01-12,"6901","Ahaggo Museum",120.2,"L9363",120.2,2014-01-12
"509",2014-01-12,"7889","Katerina's Cafe",12.64,"L6119",12.64,2014-01-12
"510",2014-01-12,"7253","Katerina's Cafe",11.81,"L1682",11.81,2014-01-12
"511",2014-01-12,"1321","Hippokampos",27.15,"L4149",27.15,2014-01-12
"512",2014-01-12,"7108","Guy's Gyros",42.32,"L6544",42.32,2014-01-12
"513",2014-01-12,"7384","Shoppers' Delight",211.03,"L3800",211.03,2014-01-12
"514",2014-01-12,"1415","Hippokampos",66.63,"L7783",66.63,2014-01-12
"515",2014-01-12,"3853","Guy's Gyros",34.41,"L1485",34.41,2014-01-12
"516",2014-01-12,"6895","Hippokampos",49.23,"L3366",49.23,2014-01-12
"517",2014-01-12,"5407","Katerina's Cafe",40.94,"L4034",40.94,2014-01-12
"518",2014-01-12,"8332","Hippokampos",26.79,"L2070",26.79,2014-01-12
"519",2014-01-12,"8156","Hippokampos",52.21,"L5224",52.21,2014-01-12
"520",2014-01-12,"5368","Frydos Autosupply n' More",88.93,"L2247",88.93,2014-01-12
"521",2014-01-12,"1877","Albert's Fine Clothing",63.36,"L3014",63.36,2014-01-12
"522",2014-01-12,"6899","Ouzeri Elian",55.55,"L6267",55.55,2014-01-12
"523",2014-01-12,"8129","Katerina's Cafe",39.3,"L8328",39.3,2014-01-12
"524",2014-01-12,"9635","Hippokampos",78.21,"L3191",78.21,2014-01-12
"525",2014-01-12,"3547","Katerina's Cafe",67.14,"L9362",67.14,2014-01-12
"526",2014-01-12,"9405","Katerina's Cafe",15.37,"L3259",15.37,2014-01-12
"527",2014-01-12,"8411","Katerina's Cafe",16.34,"L6110",16.34,2014-01-12
"528",2014-01-12,"4948","Katerina's Cafe",40.25,"L9406",40.25,2014-01-12
"529",2014-01-12,"7688","Hippokampos",63.32,"L4164",63.32,2014-01-12
"530",2014-01-12,"8202","Frydos Autosupply n' More",161.96,"L2343",161.96,2014-01-12
"531",2014-01-13,"7889","Hallowed Grounds",9.16,"L6119",9.16,2014-01-13
"532",2014-01-13,"7384","Brew've Been Served",8.04,"L3800",8.04,2014-01-13
"533",2014-01-13,"3547","Coffee Cameleon",19.93,"L9362",19.93,2014-01-13
"534",2014-01-13,"9683","Brew've Been Served",8,"L7291",8,2014-01-13
"535",2014-01-13,"3492","Hallowed Grounds",13.68,"L7814",13.68,2014-01-13
"536",2014-01-13,"4795","Brew've Been Served",18.71,"L8566",18.71,2014-01-13
"537",2014-01-13,"9405","Hallowed Grounds",5.85,"L3259",5.85,2014-01-13
"538",2014-01-13,"7354","Brew've Been Served",19.64,"L9254",19.64,2014-01-13
"539",2014-01-13,"7108","Hallowed Grounds",19.18,"L6544",19.18,2014-01-13
"540",2014-01-13,"2418","Coffee Cameleon",17.49,"L9018",17.49,2014-01-13
"541",2014-01-13,"4948","Brew've Been Served",9.53,"L9406",9.53,2014-01-13
"542",2014-01-13,"6691","Hallowed Grounds",6.32,"L6267",6.32,2014-01-13
"543",2014-01-13,"8411","Brew've Been Served",13.37,"L6110",13.37,2014-01-13
"544",2014-01-13,"7253","Coffee Cameleon",4.88,"L1682",4.88,2014-01-13
"545",2014-01-13,"4434","Brew've Been Served",16.05,"L2169",16.05,2014-01-13
"546",2014-01-13,"1286","Brew've Been Served",11.49,"L3572",11.49,2014-01-13
"547",2014-01-13,"2142","Coffee Cameleon",17.76,"L9637",17.76,2014-01-13
"548",2014-01-13,"9220","Abila Airport",3617.47,"L4063",3617.47,2014-01-13
"549",2014-01-13,"7819","Brew've Been Served",6.69,"L5259",6.69,2014-01-13
"550",2014-01-13,"8202","Brew've Been Served",19.89,"L2343",19.89,2014-01-13
"551",2014-01-13,"9735","Nationwide Refinery",204.58,"L9633",204.58,2014-01-13
"552",2014-01-13,"9220","Maximum Iron and Steel",689.85,"L4063",689.85,2014-01-13
"553",2014-01-13,"7117","Coffee Shack",4.09,"L6417",4.09,2014-01-13
"554",2014-01-13,"1415","Bean There Done That",7.93,"L7783",7.93,2014-01-13
"555",2014-01-13,"7688","Brewed Awakenings",12.69,"L4164",12.69,2014-01-13
"556",2014-01-13,"6899","Jack's Magical Beans",18.31,"L6267",18.31,2014-01-13
"557",2014-01-13,"1877","Bean There Done That",19.56,"L3014",19.56,2014-01-13
"558",2014-01-13,"8332","Brewed Awakenings",16.25,"L2070",16.25,2014-01-13
"559",2014-01-13,"1321","Bean There Done That",5.54,"L4149",5.54,2014-01-13
"560",2014-01-13,"1874","Bean There Done That",10.37,"L4424",10.37,2014-01-13
"561",2014-01-13,"9617","Bean There Done That",15.24,"L5553",15.24,2014-01-13
"562",2014-01-13,"6895","Bean There Done That",18.59,"L3366",18.59,2014-01-13
"563",2014-01-13,"9220","Carlyle Chemical Inc.",1718.96,"L4063",1718.96,2014-01-13
"564",2014-01-13,"9241","Jack's Magical Beans",5.22,"L3288",5.22,2014-01-13
"565",2014-01-13,"8156","Jack's Magical Beans",9.64,"L5224",9.64,2014-01-13
"566",2014-01-13,"2463","Jack's Magical Beans",17.52,"L6886",17.52,2014-01-13
"567",2014-01-13,"8642","Abila Airport",4417.03,"L2769",4417.03,2014-01-13
"568",2014-01-13,"4434","Hippokampos",17.17,"L2169",17.17,2014-01-13
"569",2014-01-13,"9220","Ouzeri Elian",19.82,"L4063",19.82,2014-01-13
"570",2014-01-13,"8156","Gelatogalore",32.83,"L5224",32.83,2014-01-13
"571",2014-01-13,"2418","Katerina's Cafe",38.98,"L9018",38.98,2014-01-13
"572",2014-01-13,"7253","Hippokampos",35.73,"L1682",35.73,2014-01-13
"573",2014-01-13,"9683","Abila Zacharo",8.72,"L7291",8.72,2014-01-13
"574",2014-01-13,"9551","Hippokampos",30.51,"L5777",30.51,2014-01-13
"575",2014-01-13,"2540","Guy's Gyros",27.49,"L5947",27.49,2014-01-13
"576",2014-01-13,"6899","Katerina's Cafe",26.15,"L6267",26.15,2014-01-13
"577",2014-01-13,"1321","Abila Zacharo",27.3,"L4149",27.3,2014-01-13
"578",2014-01-13,"2142","Guy's Gyros",37.37,"L9637",37.37,2014-01-13
"579",2014-01-13,"1874","Katerina's Cafe",8.29,"L4424",8.29,2014-01-13
"580",2014-01-13,"2463","Guy's Gyros",29.25,"L6886",29.25,2014-01-13
"581",2014-01-13,"1415","Gelatogalore",36.93,"L7783",36.93,2014-01-13
"582",2014-01-13,"9635","Abila Zacharo",11.99,"L3191",11.99,2014-01-13
"583",2014-01-13,"1310","Ouzeri Elian",8.32,"L8012",8.32,2014-01-13
"584",2014-01-13,"3492","Katerina's Cafe",24.26,"L7814",24.26,2014-01-13
"585",2014-01-13,"7819","Abila Zacharo",17.41,"L5259",17.41,2014-01-13
"586",2014-01-13,"8411","Guy's Gyros",21.03,"L6110",21.03,2014-01-13
"587",2014-01-13,"3547","Katerina's Cafe",29.55,"L9362",29.55,2014-01-13
"588",2014-01-13,"5368","Kalami Kafenion",20.33,"L2247",20.33,2014-01-13
"589",2014-01-13,"7117","Guy's Gyros",38.07,"L6417",38.07,2014-01-13
"590",2014-01-13,"8202","Gelatogalore",36.24,"L2343",36.24,2014-01-13
"591",2014-01-13,"9617","Hippokampos",25.09,"L5553",25.09,2014-01-13
"592",2014-01-13,"1877","Ouzeri Elian",29.75,"L3014",29.75,2014-01-13
"593",2014-01-13,"6901","Guy's Gyros",12.76,"L9363",12.76,2014-01-13
"594",2014-01-13,"4948","Hippokampos",26.96,"L9406",26.96,2014-01-13
"595",2014-01-13,"8642","Abila Airport",2228.08,"L2769",2228.08,2014-01-13
"596",2014-01-13,"3853","Shoppers' Delight",216.43,"L1485",216.43,2014-01-13
"597",2014-01-13,"9551","Ouzeri Elian",28.75,"L5777",28.75,2014-01-13
"598",2014-01-13,"8129","Frydos Autosupply n' More",188.57,"L8328",188.57,2014-01-13
"599",2014-01-13,"8411","Frydos Autosupply n' More",64.6,"L6110",64.6,2014-01-13
"600",2014-01-13,"7354","Guy's Gyros",22.34,"L9254",22.34,2014-01-13
"601",2014-01-13,"4795","Guy's Gyros",20.47,"L8566",20.47,2014-01-13
"602",2014-01-13,"7384","Guy's Gyros",36.89,"L3800",36.89,2014-01-13
"603",2014-01-13,"7819","Guy's Gyros",15.84,"L5259",15.84,2014-01-13
"604",2014-01-13,"2142","Katerina's Cafe",35.7,"L9637",35.7,2014-01-13
"605",2014-01-13,"7688","Albert's Fine Clothing",288,"L4164",288,2014-01-13
"606",2014-01-13,"2463","Hippokampos",29.22,"L6886",29.22,2014-01-13
"607",2014-01-13,"1415","Hippokampos",31.59,"L7783",31.59,2014-01-13
"608",2014-01-13,"1321","Albert's Fine Clothing",49.48,"L4149",49.48,2014-01-13
"609",2014-01-13,"2681","Ouzeri Elian",21.83,"L1107",21.83,2014-01-13
"610",2014-01-13,"6901","Shoppers' Delight",144.4,"L9363",144.4,2014-01-13
"611",2014-01-13,"7108","Guy's Gyros",37.5,"L6544",37.5,2014-01-13
"612",2014-01-13,"1874","Katerina's Cafe",27.59,"L4424",27.59,2014-01-13
"613",2014-01-13,"5368","Guy's Gyros",19.77,"L2247",19.77,2014-01-13
"614",2014-01-13,"2418","Frydos Autosupply n' More",202.05,"L9018",202.05,2014-01-13
"615",2014-01-13,"8332","Hippokampos",31.47,"L2070",31.47,2014-01-13
"616",2014-01-13,"7117","Hippokampos",32.29,"L6417",32.29,2014-01-13
"617",2014-01-13,"9405","Katerina's Cafe",33.11,"L3259",33.11,2014-01-13
"618",2014-01-14,"5368","Brew've Been Served",14.67,"L2247",14.67,2014-01-14
"619",2014-01-14,"4795","Brew've Been Served",4.72,"L8566",4.72,2014-01-14
"620",2014-01-14,"7889","Hallowed Grounds",10.75,"L6119",10.75,2014-01-14
"621",2014-01-14,"7354","Brew've Been Served",7.31,"L9254",7.31,2014-01-14
"622",2014-01-14,"3547","Coffee Cameleon",9.8,"L9362",9.8,2014-01-14
"623",2014-01-14,"9683","Brew've Been Served",5.87,"L7291",5.87,2014-01-14
"624",2014-01-14,"1310","Hallowed Grounds",4.59,"L8012",4.59,2014-01-14
"625",2014-01-14,"8129","Hallowed Grounds",16.67,"L8328",16.67,2014-01-14
"626",2014-01-14,"4948","Brew've Been Served",14.04,"L9406",14.04,2014-01-14
"627",2014-01-14,"7108","Hallowed Grounds",13,"L6544",13,2014-01-14
"628",2014-01-14,"3484","Brew've Been Served",10.96,"L2490",10.96,2014-01-14
"629",2014-01-14,"9405","Brew've Been Served",16.53,"L3259",16.53,2014-01-14
"630",2014-01-14,"3853","Brew've Been Served",6.45,"L1485",6.45,2014-01-14
"631",2014-01-14,"2418","Coffee Cameleon",11.67,"L9018",11.67,2014-01-14
"632",2014-01-14,"7253","Coffee Cameleon",15.63,"L1682",15.63,2014-01-14
"633",2014-01-14,"8202","Brew've Been Served",9.53,"L2343",9.53,2014-01-14
"634",2014-01-14,"7384","Brew've Been Served",8.24,"L3800",8.24,2014-01-14
"635",2014-01-14,"6816","Brew've Been Served",3.66,"L8148",3.66,2014-01-14
"636",2014-01-14,"1874","Hallowed Grounds",19.99,"L4424",19.99,2014-01-14
"637",2014-01-14,"2142","Coffee Cameleon",7.84,"L9637",7.84,2014-01-14
"638",2014-01-14,"7819","Brew've Been Served",11.94,"L5259",11.94,2014-01-14
"639",2014-01-14,"1286","Brew've Been Served",3.21,"L3572",3.21,2014-01-14
"640",2014-01-14,"5407","Brew've Been Served",16.39,"L4034",16.39,2014-01-14
"641",2014-01-14,"2681","Hallowed Grounds",10.65,"L1107",10.65,2014-01-14
"642",2014-01-14,"8411","Brew've Been Served",11.53,"L6110",11.53,2014-01-14
"643",2014-01-14,"6901","Brew've Been Served",12.31,"L9363",12.31,2014-01-14
"644",2014-01-14,"6691","Hallowed Grounds",6.16,"L6267",6.16,2014-01-14
"645",2014-01-14,"7792","Carlyle Chemical Inc.",3630.57,"L5756",3630.57,2014-01-14
"646",2014-01-14,"9735","Nationwide Refinery",965.72,"L9633",965.72,2014-01-14
"647",2014-01-14,"7792","Nationwide Refinery",570.95,"L5756",570.95,2014-01-14
"648",2014-01-14,"9735","Stewart and Sons Fabrication",278.52,"L9633",278.52,2014-01-14
"649",2014-01-14,"7117","Coffee Shack",3.63,"L6417",3.63,2014-01-14
"650",2014-01-14,"1415","Bean There Done That",7.28,"L7783",7.28,2014-01-14
"651",2014-01-14,"9635","Bean There Done That",19.37,"L3191",19.37,2014-01-14
"652",2014-01-14,"7688","Brewed Awakenings",17.14,"L4164",17.14,2014-01-14
"653",2014-01-14,"2540","Brewed Awakenings",8.3,"L5947",8.3,2014-01-14
"654",2014-01-14,"8332","Brewed Awakenings",11.35,"L2070",11.35,2014-01-14
"655",2014-01-14,"6895","Bean There Done That",5.9,"L3366",5.9,2014-01-14
"656",2014-01-14,"8642","Abila Airport",228.41,"L2769",228.41,2014-01-14
"657",2014-01-14,"8156","Katerina's Cafe",29.12,"L5224",29.12,2014-01-14
"658",2014-01-14,"7253","Hippokampos",36.01,"L1682",36.01,2014-01-14
"659",2014-01-14,"2540","Chostus Hotel",109.54,"L5947",109.54,2014-01-14
"660",2014-01-14,"9683","Chostus Hotel",113.08,"L7291",113.08,2014-01-14
"661",2014-01-14,"6895","Katerina's Cafe",10.03,"L3366",10.03,2014-01-14
"662",2014-01-14,"9635","Kalami Kafenion",17.38,"L3191",17.38,2014-01-14
"663",2014-01-14,"8332","Kalami Kafenion",15.15,"L2070",15.15,2014-01-14
"664",2014-01-14,"7384","Gelatogalore",27.26,"L3800",27.26,2014-01-14
"665",2014-01-14,"7354","Katerina's Cafe",20.95,"L9254",20.95,2014-01-14
"666",2014-01-14,"2463","Gelatogalore",39.17,"L6886",39.17,2014-01-14
"667",2014-01-14,"4795","Katerina's Cafe",29.1,"L8566",29.1,2014-01-14
"668",2014-01-14,"8411","Abila Zacharo",31.09,"L6110",31.09,2014-01-14
"669",2014-01-14,"9405","Abila Zacharo",15.26,"L3259",15.26,2014-01-14
"670",2014-01-14,"3853","Hippokampos",19.07,"L1485",19.07,2014-01-14
"671",2014-01-14,"1310","Abila Zacharo",10.24,"L8012",10.24,2014-01-14
"672",2014-01-14,"6816","Abila Zacharo",8.41,"L8148",8.41,2014-01-14
"673",2014-01-14,"5407","Kalami Kafenion",33.13,"L4034",33.13,2014-01-14
"674",2014-01-14,"3492","Kalami Kafenion",23.1,"L7814",23.1,2014-01-14
"675",2014-01-14,"6691","Katerina's Cafe",31.69,"L6267",31.69,2014-01-14
"676",2014-01-14,"1874","Guy's Gyros",16.35,"L4424",16.35,2014-01-14
"677",2014-01-14,"9617","Guy's Gyros",38.26,"L5553",38.26,2014-01-14
"678",2014-01-14,"4948","Kalami Kafenion",27.65,"L9406",27.65,2014-01-14
"679",2014-01-14,"1321","Kalami Kafenion",15.27,"L4149",15.27,2014-01-14
"680",2014-01-14,"2681","Ouzeri Elian",33.67,"L1107",33.67,2014-01-14
"681",2014-01-14,"5368","Gelatogalore",35.97,"L2247",35.97,2014-01-14
"682",2014-01-14,"6901","Hippokampos",17.18,"L9363",17.18,2014-01-14
"683",2014-01-14,"7819","Katerina's Cafe",33.54,"L5259",33.54,2014-01-14
"684",2014-01-14,"7117","Ouzeri Elian",19.7,"L6417",19.7,2014-01-14
"685",2014-01-14,"4434","Abila Zacharo",24.87,"L2169",24.87,2014-01-14
"686",2014-01-14,"2276","Abila Scrapyard",4277.4,"L3317",4277.4,2014-01-14
"687",2014-01-14,"8202","Hippokampos",16.73,"L2343",16.73,2014-01-14
"688",2014-01-14,"7792","Carlyle Chemical Inc.",3470.99,"L5756",3470.99,2014-01-14
"689",2014-01-14,"2276","Nationwide Refinery",4429.76,"L3317",4429.76,2014-01-14
"690",2014-01-14,"1415","Hippokampos",39.64,"L7783",39.64,2014-01-14
"691",2014-01-14,"4795","Guy's Gyros",23.59,"L8566",23.59,2014-01-14
"692",2014-01-14,"3484","Albert's Fine Clothing",50.77,"L2490",50.77,2014-01-14
"693",2014-01-14,"5368","Guy's Gyros",35.12,"L2247",35.12,2014-01-14
"694",2014-01-14,"3547","Katerina's Cafe",36.95,"L9362",36.95,2014-01-14
"695",2014-01-14,"7384","Guy's Gyros",12.96,"L3800",12.96,2014-01-14
"696",2014-01-14,"5407","Katerina's Cafe",31.94,"L4034",31.94,2014-01-14
"697",2014-01-14,"2463","Hippokampos",9.55,"L6886",9.55,2014-01-14
"698",2014-01-14,"1874","Katerina's Cafe",12.65,"L4424",12.65,2014-01-14
"699",2014-01-14,"7819","Guy's Gyros",25.28,"L5259",25.28,2014-01-14
"700",2014-01-14,"6899","Ouzeri Elian",11.86,"L6267",11.86,2014-01-14
"701",2014-01-14,"4434","Frydos Autosupply n' More",42.72,"L2169",42.72,2014-01-14
"702",2014-01-14,"3492","Katerina's Cafe",11.89,"L7814",11.89,2014-01-14
"703",2014-01-14,"6901","Frydos Autosupply n' More",146.74,"L9363",146.74,2014-01-14
"704",2014-01-14,"9635","Albert's Fine Clothing",228.72,"L3191",228.72,2014-01-14
"705",2014-01-14,"8411","Katerina's Cafe",25.4,"L6110",25.4,2014-01-14
"706",2014-01-14,"9617","Katerina's Cafe",18.35,"L5553",18.35,2014-01-14
"707",2014-01-14,"4948","Frydos Autosupply n' More",49.21,"L9406",49.21,2014-01-14
"708",2014-01-14,"2540","Hippokampos",22.13,"L5947",22.13,2014-01-14
"709",2014-01-14,"7354","Guy's Gyros",26.14,"L9254",26.14,2014-01-14
"710",2014-01-15,"7384","Brew've Been Served",3.71,"L3800",3.71,2014-01-15
"711",2014-01-15,"9617","Hallowed Grounds",5.28,"L5553",5.28,2014-01-15
"712",2014-01-15,"6816","Brew've Been Served",15.5,"L8148",15.5,2014-01-15
"713",2014-01-15,"9683","Brew've Been Served",19.87,"L7291",19.87,2014-01-15
"714",2014-01-15,"7108","Hallowed Grounds",12.17,"L6544",12.17,2014-01-15
"715",2014-01-15,"2142","Coffee Cameleon",19.93,"L9637",19.93,2014-01-15
"716",2014-01-15,"9405","Brew've Been Served",11.47,"L3259",11.47,2014-01-15
"717",2014-01-15,"7819","Brew've Been Served",6.58,"L5259",6.58,2014-01-15
"718",2014-01-15,"1286","Brew've Been Served",11.23,"L3572",11.23,2014-01-15
"719",2014-01-15,"3547","Coffee Cameleon",14.47,"L9362",14.47,2014-01-15
"720",2014-01-15,"7253","Coffee Cameleon",5.49,"L1682",5.49,2014-01-15
"721",2014-01-15,"4795","Brew've Been Served",4.92,"L8566",4.92,2014-01-15
"722",2014-01-15,"4948","Brew've Been Served",3.14,"L9406",3.14,2014-01-15
"723",2014-01-15,"8411","Brew've Been Served",5.75,"L6110",5.75,2014-01-15
"724",2014-01-15,"3484","Brew've Been Served",14.06,"L2490",14.06,2014-01-15
"725",2014-01-15,"3492","Hallowed Grounds",14.33,"L7814",14.33,2014-01-15
"726",2014-01-15,"5368","Brew've Been Served",8.42,"L2247",8.42,2014-01-15
"727",2014-01-15,"3853","Brew've Been Served",15.58,"L1485",15.58,2014-01-15
"728",2014-01-15,"8202","Brew've Been Served",3.47,"L2343",3.47,2014-01-15
"729",2014-01-15,"2681","Hallowed Grounds",14.39,"L1107",14.39,2014-01-15
"730",2014-01-15,"6901","Brew've Been Served",18.58,"L9363",18.58,2014-01-15
"731",2014-01-15,"7792","Carlyle Chemical Inc.",3608.08,"L5756",3608.08,2014-01-15
"732",2014-01-15,"9735","Nationwide Refinery",1391.24,"L9633",1391.24,2014-01-15
"733",2014-01-15,"7792","Nationwide Refinery",3004.98,"L5756",3004.98,2014-01-15
"734",2014-01-15,"9635","Bean There Done That",5.34,"L3191",5.34,2014-01-15
"735",2014-01-15,"8332","Brewed Awakenings",3.62,"L2070",3.62,2014-01-15
"736",2014-01-15,"1321","Bean There Done That",18.96,"L4149",18.96,2014-01-15
"737",2014-01-15,"6895","Bean There Done That",15.24,"L3366",15.24,2014-01-15
"738",2014-01-15,"9241","Jack's Magical Beans",5.3,"L3288",5.3,2014-01-15
"739",2014-01-15,"2463","Jack's Magical Beans",19.54,"L6886",19.54,2014-01-15
"740",2014-01-15,"8642","Abila Airport",3152.41,"L2769",3152.41,2014-01-15
"741",2014-01-15,"8156","Kalami Kafenion",22.39,"L5224",22.39,2014-01-15
"742",2014-01-15,"7253","Ouzeri Elian",8.93,"L1682",8.93,2014-01-15
"743",2014-01-15,"8332","Hippokampos",36.7,"L2070",36.7,2014-01-15
"744",2014-01-15,"7792","Katerina's Cafe",24.15,"L5756",24.15,2014-01-15
"745",2014-01-15,"1415","Guy's Gyros",14.37,"L7783",14.37,2014-01-15
"746",2014-01-15,"7889","Abila Zacharo",31,"L6119",31,2014-01-15
"747",2014-01-15,"3484","Ouzeri Elian",12.9,"L2490",12.9,2014-01-15
"748",2014-01-15,"6899","Hippokampos",13,"L6267",13,2014-01-15
"749",2014-01-15,"7688","Abila Zacharo",23.51,"L4164",23.51,2014-01-15
"750",2014-01-15,"1321","Ouzeri Elian",36.47,"L4149",36.47,2014-01-15
"751",2014-01-15,"1874","Kalami Kafenion",26.17,"L4424",26.17,2014-01-15
"752",2014-01-15,"8411","Kalami Kafenion",37.15,"L6110",37.15,2014-01-15
"753",2014-01-15,"5407","Kalami Kafenion",38.5,"L4034",38.5,2014-01-15
"754",2014-01-15,"2463","Gelatogalore",9.61,"L6886",9.61,2014-01-15
"755",2014-01-15,"5368","Ouzeri Elian",25.7,"L2247",25.7,2014-01-15
"756",2014-01-15,"1877","Hippokampos",32.4,"L3014",32.4,2014-01-15
"757",2014-01-15,"7108","Ouzeri Elian",22.86,"L6544",22.86,2014-01-15
"758",2014-01-15,"2142","Guy's Gyros",15.89,"L9637",15.89,2014-01-15
"759",2014-01-15,"6691","Guy's Gyros",12.19,"L6267",12.19,2014-01-15
"760",2014-01-15,"7117","Gelatogalore",24.96,"L6417",24.96,2014-01-15
"761",2014-01-15,"8202","Guy's Gyros",16.58,"L2343",16.58,2014-01-15
"762",2014-01-15,"8129","Ouzeri Elian",26.61,"L8328",26.61,2014-01-15
"763",2014-01-15,"3853","Gelatogalore",31.21,"L1485",31.21,2014-01-15
"764",2014-01-15,"7819","Gelatogalore",39.4,"L5259",39.4,2014-01-15
"765",2014-01-15,"3547","Abila Zacharo",33.8,"L9362",33.8,2014-01-15
"766",2014-01-15,"9617","Guy's Gyros",25.58,"L5553",25.58,2014-01-15
"767",2014-01-15,"1310","Katerina's Cafe",12.12,"L8012",12.12,2014-01-15
"768",2014-01-15,"3492","Abila Zacharo",24.53,"L7814",24.53,2014-01-15
"769",2014-01-15,"4530","Kronos Pipe and Irrigation",2564,"L8477",2564,2014-01-15
"770",2014-01-15,"6901","Kalami Kafenion",28.82,"L9363",28.82,2014-01-15
"771",2014-01-15,"7792","Carlyle Chemical Inc.",1112.04,"L5756",1112.04,2014-01-15
"772",2014-01-15,"4530","Maximum Iron and Steel",4788.22,"L8477",4788.22,2014-01-15
"773",2014-01-15,"8642","Abila Airport",875.87,"L2769",875.87,2014-01-15
"774",2014-01-15,"7792","Carlyle Chemical Inc.",1392.73,"L5756",1392.73,2014-01-15
"775",2014-01-15,"9241","Ouzeri Elian",28.86,"L3288",28.86,2014-01-15
"776",2014-01-15,"3492","Katerina's Cafe",39.23,"L7814",39.23,2014-01-15
"777",2014-01-15,"2540","Frydos Autosupply n' More",18.91,"L5947",18.91,2014-01-15
"778",2014-01-15,"4434","Guy's Gyros",31.04,"L2169",31.04,2014-01-15
"779",2014-01-15,"7354","Guy's Gyros",28.75,"L9254",28.75,2014-01-15
"780",2014-01-15,"9683","Frydos Autosupply n' More",235.27,"L7291",235.27,2014-01-15
"781",2014-01-15,"9617","Katerina's Cafe",11.45,"L5553",11.45,2014-01-15
"782",2014-01-15,"6816","Guy's Gyros",36.35,"L8148",36.35,2014-01-15
"783",2014-01-15,"9635","Hippokampos",35.12,"L3191",35.12,2014-01-15
"784",2014-01-15,"8411","Katerina's Cafe",29.33,"L6110",29.33,2014-01-15
"785",2014-01-15,"1321","Hippokampos",10.35,"L4149",10.35,2014-01-15
"786",2014-01-15,"1310","Katerina's Cafe",39.63,"L8012",39.63,2014-01-15
"787",2014-01-15,"1877","Hippokampos",16.37,"L3014",16.37,2014-01-15
"788",2014-01-15,"6899","Ouzeri Elian",23.18,"L6267",23.18,2014-01-15
"789",2014-01-15,"2418","Katerina's Cafe",29.66,"L9018",29.66,2014-01-15
"790",2014-01-15,"7117","Albert's Fine Clothing",228.15,"L6417",228.15,2014-01-15
"791",2014-01-15,"4948","Frydos Autosupply n' More",276.88,"L9406",276.88,2014-01-15
"792",2014-01-15,"7253","Katerina's Cafe",13.77,"L1682",13.77,2014-01-15
"793",2014-01-15,"1286","Guy's Gyros",27.01,"L3572",27.01,2014-01-15
"794",2014-01-15,"2681","Ouzeri Elian",8.57,"L1107",8.57,2014-01-15
"795",2014-01-15,"3547","Katerina's Cafe",27.48,"L9362",27.48,2014-01-15
"796",2014-01-15,"8156","Hippokampos",37.16,"L5224",37.16,2014-01-15
"797",2014-01-16,"7354","Brew've Been Served",8.18,"L9254",8.18,2014-01-16
"798",2014-01-16,"3484","Brew've Been Served",19.9,"L2490",19.9,2014-01-16
"799",2014-01-16,"7889","Hallowed Grounds",13.84,"L6119",13.84,2014-01-16
"800",2014-01-16,"7108","Hallowed Grounds",18.2,"L6544",18.2,2014-01-16
"801",2014-01-16,"3492","Hallowed Grounds",17.74,"L7814",17.74,2014-01-16
"802",2014-01-16,"8129","Hallowed Grounds",17.92,"L8328",17.92,2014-01-16
"803",2014-01-16,"7384","Brew've Been Served",7.31,"L3800",7.31,2014-01-16
"804",2014-01-16,"1286","Brew've Been Served",12.67,"L3572",12.67,2014-01-16
"805",2014-01-16,"4795","Brew've Been Served",4.7,"L8566",4.7,2014-01-16
"806",2014-01-16,"1874","Hallowed Grounds",7.22,"L4424",7.22,2014-01-16
"807",2014-01-16,"6816","Brew've Been Served",12.83,"L8148",12.83,2014-01-16
"808",2014-01-16,"3853","Brew've Been Served",5.82,"L1485",5.82,2014-01-16
"809",2014-01-16,"9551","Hallowed Grounds",12.19,"L5777",12.19,2014-01-16
"810",2014-01-16,"6691","Hallowed Grounds",18.23,"L6267",18.23,2014-01-16
"811",2014-01-16,"4434","Brew've Been Served",17.44,"L2169",17.44,2014-01-16
"812",2014-01-16,"2681","Hallowed Grounds",4.6,"L1107",4.6,2014-01-16
"813",2014-01-16,"7819","Brew've Been Served",16.9,"L5259",16.9,2014-01-16
"814",2014-01-16,"8411","Brew've Been Served",11.21,"L6110",11.21,2014-01-16
"815",2014-01-16,"3506","Abila Airport",1676.53,"L7761",1676.53,2014-01-16
"816",2014-01-16,"7792","Carlyle Chemical Inc.",419.93,"L5756",419.93,2014-01-16
"817",2014-01-16,"9735","Nationwide Refinery",1494.44,"L9633",1494.44,2014-01-16
"818",2014-01-16,"7792","Nationwide Refinery",4742.67,"L5756",4742.67,2014-01-16
"819",2014-01-16,"9735","Stewart and Sons Fabrication",4543.31,"L9633",4543.31,2014-01-16
"820",2014-01-16,"7117","Coffee Shack",10.48,"L6417",10.48,2014-01-16
"821",2014-01-16,"1415","Bean There Done That",19.82,"L7783",19.82,2014-01-16
"822",2014-01-16,"9635","Bean There Done That",12.33,"L3191",12.33,2014-01-16
"823",2014-01-16,"6899","Jack's Magical Beans",9.12,"L6267",9.12,2014-01-16
"824",2014-01-16,"2540","Brewed Awakenings",6.53,"L5947",6.53,2014-01-16
"825",2014-01-16,"1877","Bean There Done That",5.56,"L3014",5.56,2014-01-16
"826",2014-01-16,"8332","Brewed Awakenings",6.39,"L2070",6.39,2014-01-16
"827",2014-01-16,"6895","Bean There Done That",17.4,"L3366",17.4,2014-01-16
"828",2014-01-16,"9241","Jack's Magical Beans",14.86,"L3288",14.86,2014-01-16
"829",2014-01-16,"8156","Jack's Magical Beans",12.56,"L5224",12.56,2014-01-16
"830",2014-01-16,"2463","Jack's Magical Beans",6.95,"L6886",6.95,2014-01-16
"831",2014-01-16,"3506","Nationwide Refinery",2047.28,"L7761",2047.28,2014-01-16
"832",2014-01-16,"8642","Abila Airport",3917.3,"L2769",3917.3,2014-01-16
"833",2014-01-16,"9683","Katerina's Cafe",11.08,"L7291",11.08,2014-01-16
"834",2014-01-16,"7688","Katerina's Cafe",27.82,"L4164",27.82,2014-01-16
"835",2014-01-16,"8332","Hippokampos",17.66,"L2070",17.66,2014-01-16
"836",2014-01-16,"2276","Abila Airport",3138.98,"L3317",3138.98,2014-01-16
"837",2014-01-16,"7889","Guy's Gyros",31.48,"L6119",31.48,2014-01-16
"838",2014-01-16,"7792","Katerina's Cafe",34.9,"L5756",34.9,2014-01-16
"839",2014-01-16,"6899","Hippokampos",36.17,"L6267",36.17,2014-01-16
"840",2014-01-16,"3484","Katerina's Cafe",34.02,"L2490",34.02,2014-01-16
"841",2014-01-16,"5407","Katerina's Cafe",39.74,"L4034",39.74,2014-01-16
"842",2014-01-16,"3547","Abila Zacharo",31.31,"L9362",31.31,2014-01-16
"843",2014-01-16,"9551","Guy's Gyros",10.27,"L5777",10.27,2014-01-16
"844",2014-01-16,"7253","Hippokampos",16.53,"L1682",16.53,2014-01-16
"845",2014-01-16,"2540","Hippokampos",10.38,"L5947",10.38,2014-01-16
"846",2014-01-16,"2463","Gelatogalore",12.33,"L6886",12.33,2014-01-16
"847",2014-01-16,"6691","Hippokampos",13.05,"L6267",13.05,2014-01-16
"848",2014-01-16,"1415","Hippokampos",31.14,"L7783",31.14,2014-01-16
"849",2014-01-16,"9405","Gelatogalore",22.19,"L3259",22.19,2014-01-16
"850",2014-01-16,"7819","Guy's Gyros",29.7,"L5259",29.7,2014-01-16
"851",2014-01-16,"1321","Hippokampos",14.89,"L4149",14.89,2014-01-16
"852",2014-01-16,"5368","Katerina's Cafe",38.32,"L2247",38.32,2014-01-16
"853",2014-01-16,"6816","Guy's Gyros",13.48,"L8148",13.48,2014-01-16
"854",2014-01-16,"7354","Hippokampos",18.18,"L9254",18.18,2014-01-16
"855",2014-01-16,"3853","Ouzeri Elian",12.47,"L1485",12.47,2014-01-16
"856",2014-01-16,"8202","Kalami Kafenion",9.27,"L2343",9.27,2014-01-16
"857",2014-01-16,"4948","Abila Zacharo",24.38,"L9406",24.38,2014-01-16
"858",2014-01-16,"1874","Gelatogalore",32.4,"L4424",32.4,2014-01-16
"859",2014-01-16,"9617","Hippokampos",29.93,"L5553",29.93,2014-01-16
"860",2014-01-16,"3492","Kalami Kafenion",11.83,"L7814",11.83,2014-01-16
"861",2014-01-16,"7384","Kalami Kafenion",8.86,"L3800",8.86,2014-01-16
"862",2014-01-16,"6901","Abila Zacharo",8.43,"L9363",8.43,2014-01-16
"863",2014-01-16,"2418","Ouzeri Elian",8.52,"L9018",8.52,2014-01-16
"864",2014-01-16,"7117","Ouzeri Elian",8.47,"L6417",8.47,2014-01-16
"865",2014-01-16,"1877","Guy's Gyros",32.8,"L3014",32.8,2014-01-16
"866",2014-01-16,"5368","Octavio's Office Supplies",131.01,"L2247",131.01,2014-01-16
"867",2014-01-16,"2276","Abila Scrapyard",1897.05,"L3317",1897.05,2014-01-16
"868",2014-01-16,"4434","Gelatogalore",10.62,"L2169",10.62,2014-01-16
"869",2014-01-16,"7792","Carlyle Chemical Inc.",1814.24,"L5756",1814.24,2014-01-16
"870",2014-01-16,"7384","Guy's Gyros",25.57,"L3800",25.57,2014-01-16
"871",2014-01-16,"3484","Guy's Gyros",8.31,"L2490",8.31,2014-01-16
"872",2014-01-16,"7889","Katerina's Cafe",10.93,"L6119",10.93,2014-01-16
"873",2014-01-16,"4795","Guy's Gyros",37.8,"L8566",37.8,2014-01-16
"874",2014-01-16,"1874","Frydos Autosupply n' More",53.37,"L4424",53.37,2014-01-16
"875",2014-01-16,"7117","Albert's Fine Clothing",283.38,"L6417",283.38,2014-01-16
"876",2014-01-16,"8129","Katerina's Cafe",18.79,"L8328",18.79,2014-01-16
"877",2014-01-16,"6901","Guy's Gyros",28.27,"L9363",28.27,2014-01-16
"878",2014-01-16,"1321","Hippokampos",29.13,"L4149",29.13,2014-01-16
"879",2014-01-16,"6816","Guy's Gyros",30.76,"L8148",30.76,2014-01-16
"880",2014-01-16,"9617","Katerina's Cafe",13.91,"L5553",13.91,2014-01-16
"881",2014-01-16,"6899","Ouzeri Elian",23.89,"L6267",23.89,2014-01-16
"882",2014-01-16,"7819","Albert's Fine Clothing",91.71,"L5259",91.71,2014-01-16
"883",2014-01-16,"2418","Katerina's Cafe",35.43,"L9018",35.43,2014-01-16
"884",2014-01-16,"4434","Roberts and Sons",155.76,"L2169",155.76,2014-01-16
"885",2014-01-16,"2681","Ouzeri Elian",22.65,"L1107",22.65,2014-01-16
"886",2014-01-16,"9551","Ouzeri Elian",9.91,"L5777",9.91,2014-01-16
"887",2014-01-16,"7108","Guy's Gyros",11.31,"L6544",11.31,2014-01-16
"888",2014-01-16,"2142","Katerina's Cafe",19.44,"L9637",19.44,2014-01-16
"889",2014-01-16,"8202","Katerina's Cafe",30.56,"L2343",30.56,2014-01-16
"890",2014-01-16,"1286","Shoppers' Delight",16.84,"L3572",16.84,2014-01-16
"891",2014-01-16,"3492","Katerina's Cafe",34.58,"L7814",34.58,2014-01-16
"892",2014-01-16,"7354","Roberts and Sons",240.66,"L9254",240.66,2014-01-16
"893",2014-01-16,"4948","Frydos Autosupply n' More",130.01,"L9406",130.01,2014-01-16
"894",2014-01-16,"7688","Hippokampos",20.84,"L4164",20.84,2014-01-16
"895",2014-01-16,"9241","Ouzeri Elian",29.99,"L3288",29.99,2014-01-16
"896",2014-01-17,"1310","Hallowed Grounds",3.25,"L8012",3.25,2014-01-17
"897",2014-01-17,"7889","Hallowed Grounds",14.58,"L6119",14.58,2014-01-17
"898",2014-01-17,"5368","Brew've Been Served",11.69,"L2247",11.69,2014-01-17
"899",2014-01-17,"3547","Coffee Cameleon",10.27,"L9362",10.27,2014-01-17
"900",2014-01-17,"9617","Hallowed Grounds",15.98,"L5553",15.98,2014-01-17
"901",2014-01-17,"4948","Brew've Been Served",8.07,"L9406",8.07,2014-01-17
"902",2014-01-17,"7253","Coffee Cameleon",6.81,"L1682",6.81,2014-01-17
"903",2014-01-17,"1874","Hallowed Grounds",18.6,"L4424",18.6,2014-01-17
"904",2014-01-17,"6816","Coffee Cameleon",9.16,"L8148",9.16,2014-01-17
"905",2014-01-17,"5010","Hallowed Grounds",9.72,"L2459",9.72,2014-01-17
"906",2014-01-17,"7354","Brew've Been Served",10.52,"L9254",10.52,2014-01-17
"907",2014-01-17,"6691","Hallowed Grounds",5.52,"L6267",5.52,2014-01-17
"908",2014-01-17,"4795","Brew've Been Served",19.39,"L8566",19.39,2014-01-17
"909",2014-01-17,"3484","Brew've Been Served",13.66,"L2490",13.66,2014-01-17
"910",2014-01-17,"9551","Hallowed Grounds",9.4,"L5777",9.4,2014-01-17
"911",2014-01-17,"9405","Brew've Been Served",16.62,"L3259",16.62,2014-01-17
"912",2014-01-17,"2418","Coffee Cameleon",7.49,"L9018",7.49,2014-01-17
"913",2014-01-17,"5407","Brew've Been Served",18.15,"L4034",18.15,2014-01-17
"914",2014-01-17,"3853","Brew've Been Served",3.09,"L1485",3.09,2014-01-17
"915",2014-01-17,"6901","Brew've Been Served",5.29,"L9363",5.29,2014-01-17
"916",2014-01-17,"8411","Brew've Been Served",14.58,"L6110",14.58,2014-01-17
"917",2014-01-17,"7819","Brew've Been Served",15.46,"L5259",15.46,2014-01-17
"918",2014-01-17,"9735","Stewart and Sons Fabrication",1753.17,"L9633",1753.17,2014-01-17
"919",2014-01-17,"7117","Coffee Shack",19.16,"L6417",19.16,2014-01-17
"920",2014-01-17,"1415","Bean There Done That",19.67,"L7783",19.67,2014-01-17
"921",2014-01-17,"9635","Bean There Done That",8.21,"L3191",8.21,2014-01-17
"922",2014-01-17,"7688","Brewed Awakenings",8.16,"L4164",8.16,2014-01-17
"923",2014-01-17,"6899","Jack's Magical Beans",7.57,"L6267",7.57,2014-01-17
"924",2014-01-17,"1877","Bean There Done That",19.56,"L3014",19.56,2014-01-17
"925",2014-01-17,"8332","Brewed Awakenings",6,"L2070",6,2014-01-17
"926",2014-01-17,"1321","Bean There Done That",18.72,"L4149",18.72,2014-01-17
"927",2014-01-17,"6895","Bean There Done That",5.77,"L3366",5.77,2014-01-17
"928",2014-01-17,"9241","Jack's Magical Beans",19.11,"L3288",19.11,2014-01-17
"929",2014-01-17,"7253","Kalami Kafenion",140.78,"L1682",140.78,2014-01-17
"930",2014-01-17,"2418","Hippokampos",38.21,"L9018",38.21,2014-01-17
"931",2014-01-17,"8156","Gelatogalore",15.84,"L5224",15.84,2014-01-17
"932",2014-01-17,"7688","Guy's Gyros",8.64,"L4164",8.64,2014-01-17
"933",2014-01-17,"3484","Guy's Gyros",22.18,"L2490",22.18,2014-01-17
"934",2014-01-17,"4795","Hippokampos",14.57,"L8566",14.57,2014-01-17
"935",2014-01-17,"5010","Abila Zacharo",15.95,"L2459",15.95,2014-01-17
"936",2014-01-17,"6816","Hippokampos",15.77,"L8148",15.77,2014-01-17
"937",2014-01-17,"9635","Gelatogalore",23.23,"L3191",23.23,2014-01-17
"938",2014-01-17,"3853","Guy's Gyros",39.14,"L1485",39.14,2014-01-17
"939",2014-01-17,"2142","Abila Zacharo",14.51,"L9637",14.51,2014-01-17
"940",2014-01-17,"3547","Katerina's Cafe",21.01,"L9362",21.01,2014-01-17
"941",2014-01-17,"2681","Gelatogalore",18.1,"L1107",18.1,2014-01-17
"942",2014-01-17,"1321","Katerina's Cafe",13.11,"L4149",13.11,2014-01-17
"943",2014-01-17,"9683","Chostus Hotel",114.22,"L7291",114.22,2014-01-17
"944",2014-01-17,"1874","Kalami Kafenion",20.02,"L4424",20.02,2014-01-17
"945",2014-01-17,"7819","Gelatogalore",34.59,"L5259",34.59,2014-01-17
"946",2014-01-17,"8411","Kalami Kafenion",24.21,"L6110",24.21,2014-01-17
"947",2014-01-17,"4434","Katerina's Cafe",35.52,"L2169",35.52,2014-01-17
"948",2014-01-17,"3492","Gelatogalore",21.62,"L7814",21.62,2014-01-17
"949",2014-01-17,"7108","Kalami Kafenion",27.73,"L6544",27.73,2014-01-17
"950",2014-01-17,"8202","Guy's Gyros",15.12,"L2343",15.12,2014-01-17
"951",2014-01-17,"7117","Guy's Gyros",21.1,"L6417",21.1,2014-01-17
"952",2014-01-17,"8129","Ouzeri Elian",26.1,"L8328",26.1,2014-01-17
"953",2014-01-17,"3492","Katerina's Cafe",22.18,"L7814",22.18,2014-01-17
"954",2014-01-17,"6816","Guy's Gyros",19.68,"L8148",19.68,2014-01-17
"955",2014-01-17,"7117","Hippokampos",19.76,"L6417",19.76,2014-01-17
"956",2014-01-17,"6899","Ouzeri Elian",38.6,"L6267",38.6,2014-01-17
"957",2014-01-17,"1321","Albert's Fine Clothing",1239.41,"L4149",1239.41,2014-01-17
"958",2014-01-17,"6901","Guy's Gyros",16.83,"L9363",16.83,2014-01-17
"959",2014-01-17,"4795","Guy's Gyros",35.1,"L8566",35.1,2014-01-17
"960",2014-01-17,"4948","Frydos Autosupply n' More",124.52,"L9406",124.52,2014-01-17
"961",2014-01-17,"2540","Hippokampos",8.92,"L5947",8.92,2014-01-17
"962",2014-01-17,"7384","Shoppers' Delight",155.01,"L3800",155.01,2014-01-17
"963",2014-01-17,"1310","Katerina's Cafe",21.22,"L8012",21.22,2014-01-17
"964",2014-01-17,"3484","Guy's Gyros",37.55,"L2490",37.55,2014-01-17
"965",2014-01-17,"8202","Katerina's Cafe",36.12,"L2343",36.12,2014-01-17
"966",2014-01-17,"7253","Katerina's Cafe",19.09,"L1682",19.09,2014-01-17
"967",2014-01-17,"7819","Guy's Gyros",8.31,"L5259",8.31,2014-01-17
"968",2014-01-17,"3853","Guy's Gyros",8.54,"L1485",8.54,2014-01-17
"969",2014-01-17,"9551","Ouzeri Elian",35.81,"L5777",35.81,2014-01-17
"970",2014-01-17,"2681","Ouzeri Elian",26.4,"L1107",26.4,2014-01-17
"971",2014-01-17,"7688","Hippokampos",11.93,"L4164",11.93,2014-01-17
"972",2014-01-17,"2142","Katerina's Cafe",38.21,"L9637",38.21,2014-01-17
"973",2014-01-17,"9683","Guy's Gyros",29.71,"L7291",29.71,2014-01-17
"974",2014-01-17,"5407","Katerina's Cafe",33.73,"L4034",33.73,2014-01-17
"975",2014-01-17,"9405","Katerina's Cafe",27.49,"L3259",27.49,2014-01-17
"976",2014-01-17,"5368","Frydos Autosupply n' More",67.29,"L2247",67.29,2014-01-17
"977",2014-01-17,"2463","Hippokampos",38.19,"L6886",38.19,2014-01-17
"978",2014-01-17,"9635","Hippokampos",12.86,"L3191",12.86,2014-01-17
"979",2014-01-18,"5010","Chostus Hotel",600,"L2459",600,2014-01-18
"980",2014-01-18,"8156","Abila Zacharo",111.93,"L5224",111.93,2014-01-18
"981",2014-01-18,"6691","Katerina's Cafe",34.54,"L6267",34.54,2014-01-18
"982",2014-01-18,"6895","Ouzeri Elian",33.57,"L3366",33.57,2014-01-18
"983",2014-01-18,"5368","Kalami Kafenion",30.12,"L2247",30.12,2014-01-18
"984",2014-01-18,"7253","Abila Zacharo",18.45,"L1682",18.45,2014-01-18
"985",2014-01-18,"1874","Guy's Gyros",27.4,"L4424",27.4,2014-01-18
"986",2014-01-18,"2463","Kalami Kafenion",38.91,"L6886",38.91,2014-01-18
"987",2014-01-18,"9551","Abila Zacharo",16.59,"L5777",16.59,2014-01-18
"988",2014-01-18,"3484","Katerina's Cafe",19.3,"L2490",19.3,2014-01-18
"989",2014-01-18,"1321","Kalami Kafenion",24.14,"L4149",24.14,2014-01-18
"990",2014-01-18,"8411","Katerina's Cafe",37.26,"L6110",37.26,2014-01-18
"991",2014-01-18,"8202","Kalami Kafenion",42.73,"L2343",42.73,2014-01-18
"992",2014-01-18,"7688","Katerina's Cafe",96.36,"L4164",96.36,2014-01-18
"993",2014-01-18,"9617","Guy's Gyros",47.89,"L5553",47.89,2014-01-18
"994",2014-01-18,"6901","Kalami Kafenion",53.36,"L9363",53.36,2014-01-18
"995",2014-01-18,"7384","Ahaggo Museum",120.2,"L3800",120.2,2014-01-18
"996",2014-01-18,"6895","Albert's Fine Clothing",35.66,"L3366",35.66,2014-01-18
"997",2014-01-18,"5368","Frydos Autosupply n' More",103.41,"L2247",103.41,2014-01-18
"998",2014-01-18,"3547","General Grocer",477.6,"L9362",477.6,2014-01-18
"999",2014-01-18,"8156","Shoppers' Delight",258.33,"L5224",258.33,2014-01-18
"1000",2014-01-18,"7253","Roberts and Sons",62.47,"L1682",62.47,2014-01-18
"1001",2014-01-18,"1877","Frydos Autosupply n' More",103.55,"L3014",103.55,2014-01-18
"1002",2014-01-18,"2463","Frydos Autosupply n' More",120.67,"L6886",120.67,2014-01-18
"1003",2014-01-18,"6691","Albert's Fine Clothing",189.52,"L6267",189.52,2014-01-18
"1004",2014-01-18,"9635","Frank's Fuel",52.66,"L3191",52.66,2014-01-18
"1005",2014-01-18,"5407","Frydos Autosupply n' More",234.53,"L4034",234.53,2014-01-18
"1006",2014-01-18,"8156","Albert's Fine Clothing",226.49,"L5224",226.49,2014-01-18
"1007",2014-01-18,"3484","Guy's Gyros",39.68,"L2490",39.68,2014-01-18
"1008",2014-01-18,"9617","Roberts and Sons",266.69,"L5553",266.69,2014-01-18
"1009",2014-01-18,"6899","Ouzeri Elian",57.63,"L6267",57.63,2014-01-18
"1010",2014-01-18,"5368","Guy's Gyros",28.07,"L2247",28.07,2014-01-18
"1011",2014-01-18,"7889","Katerina's Cafe",8.14,"L6119",8.14,2014-01-18
"1012",2014-01-18,"1874","Katerina's Cafe",22.74,"L4424",22.74,2014-01-18
"1013",2014-01-18,"4434","Katerina's Cafe",33.41,"L2169",33.41,2014-01-18
"1014",2014-01-18,"6895","Hippokampos",27.21,"L3366",27.21,2014-01-18
"1015",2014-01-18,"4795","Abila Zacharo",21.29,"L8566",21.29,2014-01-18
"1016",2014-01-18,"2463","Hippokampos",53.21,"L6886",53.21,2014-01-18
"1017",2014-01-18,"8332","Hippokampos",63.21,"L2070",63.21,2014-01-18
"1018",2014-01-18,"2681","Ouzeri Elian",14.9,"L1107",14.9,2014-01-18
"1019",2014-01-18,"3547","Katerina's Cafe",76.1,"L9362",76.1,2014-01-18
"1020",2014-01-18,"1310","Katerina's Cafe",33.63,"L8012",33.63,2014-01-18
"1021",2014-01-18,"2418","Katerina's Cafe",32.68,"L9018",32.68,2014-01-18
"1022",2014-01-18,"8411","Katerina's Cafe",45.88,"L6110",45.88,2014-01-18
"1023",2014-01-18,"6901","General Grocer",108.49,"L9363",108.49,2014-01-18
"1024",2014-01-18,"7354","Katerina's Cafe",19.31,"L9254",19.31,2014-01-18
"1025",2014-01-18,"1415","Hippokampos",72.5,"L7783",72.5,2014-01-18
"1026",2014-01-18,"3853","Katerina's Cafe",9.72,"L1485",9.72,2014-01-18
"1027",2014-01-18,"7819","Katerina's Cafe",37.21,"L5259",37.21,2014-01-18
"1028",2014-01-18,"7117","Hippokampos",55.03,"L6417",55.03,2014-01-18
"1029",2014-01-19,"8156","Desafio Golf Course",150.07,"L5224",150.07,2014-01-19
"1030",2014-01-19,"7688","Desafio Golf Course",145.72,"L4164",145.72,2014-01-19
"1031",2014-01-19,"7354","Katerina's Cafe",35.01,"L9254",35.01,2014-01-19
"1032",2014-01-19,"6895","Gelatogalore",22.36,"L3366",22.36,2014-01-19
"1033",2014-01-19,"4795","Katerina's Cafe",70.22,"L8566",70.22,2014-01-19
"1034",2014-01-19,"9241","Ahaggo Museum",26.91,"L3288",26.91,2014-01-19
"1035",2014-01-19,"3484","Ouzeri Elian",23.65,"L2490",23.65,2014-01-19
"1036",2014-01-19,"8332","Desafio Golf Course",190.91,"L2070",190.91,2014-01-19
"1037",2014-01-19,"4434","Katerina's Cafe",26.76,"L2169",26.76,2014-01-19
"1038",2014-01-19,"7384","Ouzeri Elian",45.32,"L3800",45.32,2014-01-19
"1039",2014-01-19,"6901","Abila Zacharo",47.8,"L9363",47.8,2014-01-19
"1040",2014-01-19,"6895","General Grocer",70.22,"L3366",70.22,2014-01-19
"1041",2014-01-19,"2463","Desafio Golf Course",110.02,"L6886",110.02,2014-01-19
"1042",2014-01-19,"3484","Frydos Autosupply n' More",56.09,"L2490",56.09,2014-01-19
"1043",2014-01-19,"2142","Albert's Fine Clothing",274.66,"L9637",274.66,2014-01-19
"1044",2014-01-19,"5010","Desafio Golf Course",148.22,"L2459",148.22,2014-01-19
"1045",2014-01-19,"4795","Frydos Autosupply n' More",209.76,"L8566",209.76,2014-01-19
"1046",2014-01-19,"9635","Hippokampos",101.25,"L3191",101.25,2014-01-19
"1047",2014-01-19,"8332","Hippokampos",48.23,"L2070",48.23,2014-01-19
"1048",2014-01-19,"6895","Hippokampos",46.32,"L3366",46.32,2014-01-19
"1049",2014-01-19,"7384","Guy's Gyros",65.21,"L3800",65.21,2014-01-19
"1050",2014-01-19,"3484","Guy's Gyros",58.35,"L2490",58.35,2014-01-19
"1051",2014-01-19,"9405","Frydos Autosupply n' More",98.04,"L3259",98.04,2014-01-19
"1052",2014-01-19,"5010","Guy's Gyros",25.79,"L2459",25.79,2014-01-19
"1053",2014-01-19,"6899","Ouzeri Elian",67.98,"L6267",67.98,2014-01-19
"1054",2014-01-19,"7889","Katerina's Cafe",34.03,"L6119",34.03,2014-01-19
"1055",2014-01-19,"2142","Shoppers' Delight",30.39,"L9637",30.39,2014-01-19
"1056",2014-01-19,"2463","Hippokampos",63.17,"L6886",63.17,2014-01-19
"1057",2014-01-19,"7354","Guy's Gyros",18.08,"L9254",18.08,2014-01-19
"1058",2014-01-19,"2540","Albert's Fine Clothing",254.29,"L5947",254.29,2014-01-19
"1059",2014-01-19,"1874","Katerina's Cafe",33.79,"L4424",33.79,2014-01-19
"1060",2014-01-19,"7108","Guy's Gyros",36.87,"L6544",36.87,2014-01-19
"1061",2014-01-19,"1415","Hippokampos",78.96,"L7783",78.96,2014-01-19
"1062",2014-01-19,"9683","Guy's Gyros",37.48,"L7291",37.48,2014-01-19
"1063",2014-01-19,"9617","Katerina's Cafe",38.9,"L5553",38.9,2014-01-19
"1064",2014-01-19,"3853","Guy's Gyros",20.94,"L1485",20.94,2014-01-19
"1065",2014-01-19,"4434","Guy's Gyros",31.94,"L2169",31.94,2014-01-19
"1066",2014-01-19,"6901","Guy's Gyros",39.6,"L9363",39.6,2014-01-19
