"","location","cc.price","last4ccnum","cc.date","loyaltynum","loyalty.price","loyalty.date"
"1","Brew've Been Served",11.34,"4795",2014-01-06,"L8566",11.34,2014-01-06
"2","Hallowed Grounds",52.22,"7108",2014-01-06,"L6544",12.22,2014-01-06
"3","Brew've Been Served",8.33,"6816",2014-01-06,"L8148",8.33,2014-01-06
"4","Hallowed Grounds",16.72,"9617",2014-01-06,"L5553",16.72,2014-01-06
"5","Brew've Been Served",4.24,"7384",2014-01-06,"L3800",4.24,2014-01-06
"6","Brew've Been Served",4.17,"5368",2014-01-06,"L2247",4.17,2014-01-06
"7","Coffee Cameleon",28.73,"7253",2014-01-06,"L1682",8.73,2014-01-06
"8","Brew've Been Served",9.6,"4948",2014-01-06,"L9406",9.6,2014-01-06
"9","Brew've Been Served",16.9,"9683",2014-01-06,"L7291",16.9,2014-01-06
"10","Hallowed Grounds",16.53,"8129",2014-01-06,"L8328",16.53,2014-01-06
"11","Hallowed Grounds",10.66,"3492",2014-01-06,"L7814",10.66,2014-01-06
"12","Coffee Cameleon",8.39,"5921",2014-01-06,"L3295",8.39,2014-01-06
"13","Brew've Been Served",32.83,"9405",2014-01-06,"L3259",12.83,2014-01-06
"14","Coffee Cameleon",11.86,"2142",2014-01-06,"L9637",11.86,2014-01-06
"15","Hallowed Grounds",32.93,"2681",2014-01-06,"L1107",12.93,2014-01-06
"16","Hallowed Grounds",8.05,"9551",2014-01-06,"L5777",8.05,2014-01-06
"17","Brew've Been Served",3.67,"3484",2014-01-06,"L2490",3.67,2014-01-06
"18","Brew've Been Served",8.88,"7819",2014-01-06,"L5259",8.88,2014-01-06
"19","Brew've Been Served",4.27,"5407",2014-01-06,"L4034",4.27,2014-01-06
"20","Hallowed Grounds",10.07,"1874",2014-01-06,"L4424",10.07,2014-01-06
"21","Brew've Been Served",18.24,"3853",2014-01-06,"L1485",18.24,2014-01-06
"22","Brew've Been Served",15.58,"4434",2014-01-06,"L2169",15.58,2014-01-06
"23","Brew've Been Served",5.66,"6901",2014-01-06,"L9363",5.66,2014-01-06
"24","Brew've Been Served",14.97,"1286",2014-01-06,"L3572",14.97,2014-01-06
"25","Brew've Been Served",11.2,"8411",2014-01-06,"L6110",11.2,2014-01-06
"26","Brew've Been Served",15.39,"8202",2014-01-06,"L2343",15.39,2014-01-06
"27","Abila Airport",4540.08,"9220",2014-01-06,"L4063",4540.08,2014-01-06
"28","Kronos Pipe and Irrigation",242.21,"9220",2014-01-06,"L4063",242.21,2014-01-06
"29","Nationwide Refinery",761.64,"9735",2014-01-06,"L9633",761.64,2014-01-06
"30","Maximum Iron and Steel",2859.51,"9220",2014-01-06,"L4063",2859.51,2014-01-06
"31","Stewart and Sons Fabrication",2144.62,"9735",2014-01-06,"L9633",2144.62,2014-01-06
"32","Carlyle Chemical Inc.",3959.66,"9220",2014-01-06,"L4063",3959.66,2014-01-06
"33","Coffee Shack",51.51,"7117",2014-01-06,"L6417",11.51,2014-01-06
"34","Bean There Done That",10.28,"1415",2014-01-06,"L7783",10.28,2014-01-06
"35","Bean There Done That",16.09,"9635",2014-01-06,"L3191",16.09,2014-01-06
"36","Brewed Awakenings",5.72,"7688",2014-01-06,"L4164",5.72,2014-01-06
"37","Jack's Magical Beans",11.03,"6899",2014-01-06,"L6267",11.03,2014-01-06
"38","Brewed Awakenings",16.89,"2540",2014-01-06,"L5947",16.89,2014-01-06
"39","Bean There Done That",8.54,"1877",2014-01-06,"L3014",8.54,2014-01-06
"40","Brewed Awakenings",4.35,"8332",2014-01-06,"L2070",4.35,2014-01-06
"41","Bean There Done That",5.24,"1321",2014-01-06,"L4149",5.24,2014-01-06
"42","Bean There Done That",4.27,"6895",2014-01-06,"L3366",4.27,2014-01-06
"43","Jack's Magical Beans",18.59,"9241",2014-01-06,"L3288",18.59,2014-01-06
"44","Jack's Magical Beans",27.84,"8156",2014-01-06,"L5224",7.84,2014-01-06
"45","Jack's Magical Beans",18.1,"2463",2014-01-06,"L6886",18.1,2014-01-06
"46","Abila Zacharo",106.93,"2418",2014-01-06,"L9018",26.93,2014-01-06
"47","Gelatogalore",12.74,"7253",2014-01-06,"L1682",12.74,2014-01-06
"48","Hippokampos",34.03,"6691",2014-01-06,"L6267",34.03,2014-01-06
"49","Ouzeri Elian",38.9,"2540",2014-01-06,"L5947",38.9,2014-01-06
"50","Hippokampos",13.26,"4795",2014-01-06,"L8566",13.26,2014-01-06
"51","Guy's Gyros",15.44,"1415",2014-01-06,"L7783",15.44,2014-01-06
"52","Abila Zacharo",30.08,"7688",2014-01-06,"L4164",30.08,2014-01-06
"53","Katerina's Cafe",33.54,"8411",2014-01-06,"L6110",33.54,2014-01-06
"54","Kalami Kafenion",8.64,"5407",2014-01-06,"L4034",8.64,2014-01-06
"55","Guy's Gyros",16.92,"7384",2014-01-06,"L3800",16.92,2014-01-06
"56","Hippokampos",36.54,"2681",2014-01-06,"L1107",36.54,2014-01-06
"57","Abila Zacharo",92.05,"7354",2014-01-06,"L9254",12.05,2014-01-06
"58","Ouzeri Elian",20.56,"6816",2014-01-06,"L8148",20.56,2014-01-06
"59","Guy's Gyros",11.22,"1310",2014-01-06,"L8012",11.22,2014-01-06
"60","Gelatogalore",22.64,"7889",2014-01-06,"L6119",22.64,2014-01-06
"61","Ouzeri Elian",20.4,"6895",2014-01-06,"L3366",20.4,2014-01-06
"62","Guy's Gyros",30.82,"9635",2014-01-06,"L3191",30.82,2014-01-06
"63","Katerina's Cafe",18.56,"6899",2014-01-06,"L6267",18.56,2014-01-06
"64","Guy's Gyros",99.67,"2463",2014-01-06,"L6886",19.67,2014-01-06
"65","Ouzeri Elian",20.74,"5368",2014-01-06,"L2247",20.74,2014-01-06
"66","Ouzeri Elian",30.87,"5921",2014-01-06,"L3295",30.87,2014-01-06
"67","Katerina's Cafe",13.59,"1874",2014-01-06,"L4424",13.59,2014-01-06
"68","Katerina's Cafe",32.64,"9617",2014-01-06,"L5553",32.64,2014-01-06
"69","Kalami Kafenion",22.31,"4434",2014-01-06,"L2169",22.31,2014-01-06
"70","Gelatogalore",36.33,"3492",2014-01-06,"L7814",36.33,2014-01-06
"71","Abila Zacharo",23.15,"9405",2014-01-06,"L3259",23.15,2014-01-06
"72","Hippokampos",8.64,"1877",2014-01-06,"L3014",8.64,2014-01-06
"73","Hippokampos",38.25,"8202",2014-01-06,"L2343",38.25,2014-01-06
"74","Katerina's Cafe",39.41,"3853",2014-01-06,"L1485",39.41,2014-01-06
"75","Kalami Kafenion",13.08,"7117",2014-01-06,"L6417",13.08,2014-01-06
"76","Gelatogalore",23.41,"7819",2014-01-06,"L5259",23.41,2014-01-06
"77","Hippokampos",30.88,"4948",2014-01-06,"L9406",30.88,2014-01-06
"78","Abila Zacharo",78.11,"7108",2014-01-06,"L6544",18.11,2014-01-06
"79","Kalami Kafenion",27.4,"8129",2014-01-06,"L8328",27.4,2014-01-06
"80","Katerina's Cafe",19.65,"6901",2014-01-06,"L9363",19.65,2014-01-06
"81","Abila Airport",777.06,"9220",2014-01-06,"L4063",777.06,2014-01-06
"82","Abila Airport",612.47,"8642",2014-01-06,"L2769",612.47,2014-01-06
"83","U-Pump",59.51,"3484",2014-01-06,"L2490",59.51,2014-01-06
"84","Katerina's Cafe",26.46,"8129",2014-01-06,"L8328",26.46,2014-01-06
"85","Guy's Gyros",39.29,"7384",2014-01-06,"L3800",39.29,2014-01-06
"86","Frydos Autosupply n' More",273.87,"9241",2014-01-06,"L3288",253.87,2014-01-06
"87","Katerina's Cafe",23.63,"7253",2014-01-06,"L1682",23.63,2014-01-06
"88","Katerina's Cafe",12.32,"1874",2014-01-06,"L4424",12.32,2014-01-06
"89","Guy's Gyros",11.94,"6901",2014-01-06,"L9363",11.94,2014-01-06
"90","Frydos Autosupply n' More",80.85,"8202",2014-01-06,"L2343",80.85,2014-01-06
"91","Guy's Gyros",22.57,"3484",2014-01-06,"L2490",22.57,2014-01-06
"92","Guy's Gyros",117.82,"6816",2014-01-06,"L8148",37.82,2014-01-06
"93","Frydos Autosupply n' More",175.87,"5368",2014-01-06,"L2247",175.87,2014-01-06
"94","Hippokampos",35.34,"1321",2014-01-06,"L4149",35.34,2014-01-06
"95","Guy's Gyros",28.94,"7819",2014-01-06,"L5259",28.94,2014-01-06
"96","Albert's Fine Clothing",276.9,"9551",2014-01-06,"L5777",276.9,2014-01-06
"97","Guy's Gyros",95.29,"7108",2014-01-06,"L6544",15.29,2014-01-06
"98","Hippokampos",85.5,"6895",2014-01-06,"L3366",25.5,2014-01-06
"99","Katerina's Cafe",17.92,"9405",2014-01-06,"L3259",17.92,2014-01-06
"100","Katerina's Cafe",28,"6691",2014-01-06,"L6267",28,2014-01-06
"101","Katerina's Cafe",15.52,"5921",2014-01-06,"L3295",15.52,2014-01-06
"102","Hippokampos",26.8,"1877",2014-01-06,"L3014",26.8,2014-01-06
"103","Hippokampos",24.41,"7117",2014-01-06,"L6417",24.41,2014-01-06
"104","Hippokampos",21.33,"1415",2014-01-06,"L7783",21.33,2014-01-06
"105","Shoppers' Delight",293.67,"7354",2014-01-06,"L9254",293.67,2014-01-06
"106","Hippokampos",17.27,"7688",2014-01-06,"L4164",17.27,2014-01-06
"107","Katerina's Cafe",26.1,"3492",2014-01-06,"L7814",26.1,2014-01-06
"108","Albert's Fine Clothing",121.76,"4434",2014-01-06,"L2169",121.76,2014-01-06
"109","Katerina's Cafe",26.51,"4948",2014-01-06,"L9406",26.51,2014-01-06
"110","Frydos Autosupply n' More",197.32,"2142",2014-01-06,"L9637",197.32,2014-01-06
"111","Frydos Autosupply n' More",314.98,"1310",2014-01-06,"L8012",274.98,2014-01-06
"112","Hippokampos",20.61,"8332",2014-01-06,"L2070",20.61,2014-01-06
"113","Brew've Been Served",5.08,"7384",2014-01-07,"L3800",5.08,2014-01-07
"114","Brew've Been Served",12.74,"5368",2014-01-07,"L2247",12.74,2014-01-07
"115","Hallowed Grounds",14.05,"7889",2014-01-07,"L6119",14.05,2014-01-07
"116","Hallowed Grounds",8.91,"8129",2014-01-07,"L8328",8.91,2014-01-07
"117","Hallowed Grounds",84.44,"9551",2014-01-07,"L5777",4.44,2014-01-07
"118","Coffee Cameleon",9.1,"5921",2014-01-07,"L3295",9.1,2014-01-07
"119","Hallowed Grounds",7.88,"1310",2014-01-07,"L8012",7.88,2014-01-07
"120","Hallowed Grounds",18.97,"7108",2014-01-07,"L6544",18.97,2014-01-07
"121","Coffee Cameleon",27.66,"7253",2014-01-07,"L1682",7.66,2014-01-07
"122","Brew've Been Served",4.39,"5407",2014-01-07,"L4034",4.39,2014-01-07
"123","Hallowed Grounds",9.61,"3492",2014-01-07,"L7814",9.61,2014-01-07
"124","Brew've Been Served",3,"4434",2014-01-07,"L2169",3,2014-01-07
"125","Brew've Been Served",11.92,"1286",2014-01-07,"L3572",11.92,2014-01-07
"126","Brew've Been Served",69.06,"3484",2014-01-07,"L2490",9.06,2014-01-07
"127","Brew've Been Served",98.53,"9683",2014-01-07,"L7291",18.53,2014-01-07
"128","Hallowed Grounds",10.33,"6691",2014-01-07,"L6267",10.33,2014-01-07
"129","Brew've Been Served",17.4,"8202",2014-01-07,"L2343",17.4,2014-01-07
"130","Brew've Been Served",11.91,"4948",2014-01-07,"L9406",11.91,2014-01-07
"131","Coffee Cameleon",11.55,"2142",2014-01-07,"L9637",11.55,2014-01-07
"132","Coffee Cameleon",52.44,"2418",2014-01-07,"L9018",12.44,2014-01-07
"133","Hallowed Grounds",9.92,"9617",2014-01-07,"L5553",9.92,2014-01-07
"134","Hallowed Grounds",68.42,"2681",2014-01-07,"L1107",8.42,2014-01-07
"135","Brew've Been Served",14.49,"9405",2014-01-07,"L3259",14.49,2014-01-07
"136","Brew've Been Served",15.66,"8411",2014-01-07,"L6110",15.66,2014-01-07
"137","Brew've Been Served",47.74,"6901",2014-01-07,"L9363",7.74,2014-01-07
"138","Abila Airport",3840.37,"3506",2014-01-07,"L7761",3840.37,2014-01-07
"139","Stewart and Sons Fabrication",1200.9,"3506",2014-01-07,"L7761",1200.9,2014-01-07
"140","Nationwide Refinery",1347.36,"9735",2014-01-07,"L9633",1347.36,2014-01-07
"141","Stewart and Sons Fabrication",1843.33,"9735",2014-01-07,"L9633",1783.33,2014-01-07
"142","Nationwide Refinery",1562.66,"7792",2014-01-07,"L5756",1562.66,2014-01-07
"143","Coffee Shack",16.63,"7117",2014-01-07,"L6417",16.63,2014-01-07
"144","Bean There Done That",51.25,"1415",2014-01-07,"L7783",11.25,2014-01-07
"145","Jack's Magical Beans",23.68,"6899",2014-01-07,"L6267",3.68,2014-01-07
"146","Brewed Awakenings",64.84,"3853",2014-01-07,"L1485",4.84,2014-01-07
"147","Brewed Awakenings",71.59,"2540",2014-01-07,"L5947",11.59,2014-01-07
"148","Bean There Done That",53.89,"1877",2014-01-07,"L3014",13.89,2014-01-07
"149","Brewed Awakenings",6.72,"8332",2014-01-07,"L2070",6.72,2014-01-07
"150","Bean There Done That",8.03,"1321",2014-01-07,"L4149",8.03,2014-01-07
"151","Bean There Done That",46.25,"6895",2014-01-07,"L3366",6.25,2014-01-07
"152","Jack's Magical Beans",18.77,"9241",2014-01-07,"L3288",18.77,2014-01-07
"153","Jack's Magical Beans",19.61,"8156",2014-01-07,"L5224",19.61,2014-01-07
"154","Jack's Magical Beans",69.84,"2463",2014-01-07,"L6886",9.84,2014-01-07
"155","Abila Airport",124.89,"8642",2014-01-07,"L2769",124.89,2014-01-07
"156","Katerina's Cafe",59.07,"7792",2014-01-07,"L5756",19.07,2014-01-07
"157","Guy's Gyros",29.57,"8156",2014-01-07,"L5224",29.57,2014-01-07
"158","Abila Zacharo",13.52,"1415",2014-01-07,"L7783",13.52,2014-01-07
"159","Gelatogalore",35.06,"8332",2014-01-07,"L2070",35.06,2014-01-07
"160","Guy's Gyros",38.56,"7354",2014-01-07,"L9254",38.56,2014-01-07
"161","Kalami Kafenion",11.64,"5407",2014-01-07,"L4034",11.64,2014-01-07
"162","Abila Zacharo",82.25,"6899",2014-01-07,"L6267",22.25,2014-01-07
"163","Ouzeri Elian",29.1,"2142",2014-01-07,"L9637",29.1,2014-01-07
"164","Ouzeri Elian",28.37,"4948",2014-01-07,"L9406",28.37,2014-01-07
"165","Abila Zacharo",52.72,"7688",2014-01-07,"L4164",12.72,2014-01-07
"166","Gelatogalore",34.04,"7253",2014-01-07,"L1682",34.04,2014-01-07
"167","Katerina's Cafe",22.27,"7889",2014-01-07,"L6119",22.27,2014-01-07
"168","Guy's Gyros",11.31,"6816",2014-01-07,"L8148",11.31,2014-01-07
"169","Kalami Kafenion",18.06,"4795",2014-01-07,"L8566",18.06,2014-01-07
"170","Ouzeri Elian",64.84,"6895",2014-01-07,"L3366",24.84,2014-01-07
"171","Gelatogalore",8.98,"2463",2014-01-07,"L6886",8.98,2014-01-07
"172","Gelatogalore",21.52,"9551",2014-01-07,"L5777",21.52,2014-01-07
"173","Gelatogalore",17.21,"9405",2014-01-07,"L3259",17.21,2014-01-07
"174","Abila Zacharo",17.81,"9683",2014-01-07,"L7291",17.81,2014-01-07
"175","Ouzeri Elian",97.71,"5368",2014-01-07,"L2247",17.71,2014-01-07
"176","Abila Zacharo",32.4,"2418",2014-01-07,"L9018",32.4,2014-01-07
"177","Kalami Kafenion",22.83,"1877",2014-01-07,"L3014",22.83,2014-01-07
"178","Guy's Gyros",10.11,"9635",2014-01-07,"L3191",10.11,2014-01-07
"179","Kalami Kafenion",22.14,"7108",2014-01-07,"L6544",22.14,2014-01-07
"180","Gelatogalore",36.5,"2681",2014-01-07,"L1107",36.5,2014-01-07
"181","Ouzeri Elian",21.85,"8411",2014-01-07,"L6110",21.85,2014-01-07
"182","Gelatogalore",71.77,"1874",2014-01-07,"L4424",31.77,2014-01-07
"183","Gelatogalore",88.97,"5921",2014-01-07,"L3295",8.97,2014-01-07
"184","Katerina's Cafe",37.44,"8202",2014-01-07,"L2343",37.44,2014-01-07
"185","Gelatogalore",15.4,"6691",2014-01-07,"L6267",15.4,2014-01-07
"186","Hippokampos",76.11,"3492",2014-01-07,"L7814",16.11,2014-01-07
"187","Katerina's Cafe",10.9,"4434",2014-01-07,"L2169",10.9,2014-01-07
"188","Guy's Gyros",12.57,"9617",2014-01-07,"L5553",12.57,2014-01-07
"189","Ouzeri Elian",59.51,"6901",2014-01-07,"L9363",19.51,2014-01-07
"190","Hippokampos",37.57,"8129",2014-01-07,"L8328",37.57,2014-01-07
"191","Abila Scrapyard",2149.28,"2276",2014-01-07,"L3317",2149.28,2014-01-07
"192","Kronos Pipe and Irrigation",3920.82,"4530",2014-01-07,"L8477",3920.82,2014-01-07
"193","Maximum Iron and Steel",3207.31,"4530",2014-01-07,"L8477",3207.31,2014-01-07
"194","Abila Airport",3411.29,"8642",2014-01-07,"L2769",3411.29,2014-01-07
"195","Nationwide Refinery",889.58,"2276",2014-01-07,"L3317",889.58,2014-01-07
"196","Guy's Gyros",14.87,"7819",2014-01-07,"L5259",14.87,2014-01-07
"197","Guy's Gyros",31.23,"3484",2014-01-07,"L2490",31.23,2014-01-07
"198","Hippokampos",20.17,"1877",2014-01-07,"L3014",20.17,2014-01-07
"199","Hippokampos",11.56,"1415",2014-01-07,"L7783",11.56,2014-01-07
"200","Albert's Fine Clothing",308.36,"6895",2014-01-07,"L3366",228.36,2014-01-07
"201","Katerina's Cafe",19.49,"7253",2014-01-07,"L1682",19.49,2014-01-07
"202","Albert's Fine Clothing",78.91,"7117",2014-01-07,"L6417",78.91,2014-01-07
"203","Guy's Gyros",42.25,"7384",2014-01-07,"L3800",22.25,2014-01-07
"204","Katerina's Cafe",10.07,"2142",2014-01-07,"L9637",10.07,2014-01-07
"205","Katerina's Cafe",94.75,"7889",2014-01-07,"L6119",14.75,2014-01-07
"206","Katerina's Cafe",65.02,"8202",2014-01-07,"L2343",25.02,2014-01-07
"207","Guy's Gyros",62.33,"3853",2014-01-07,"L1485",22.33,2014-01-07
"208","Ouzeri Elian",11.41,"9241",2014-01-07,"L3288",11.41,2014-01-07
"209","Katerina's Cafe",31.6,"8411",2014-01-07,"L6110",31.6,2014-01-07
"210","Guy's Gyros",89.76,"7354",2014-01-07,"L9254",9.76,2014-01-07
"211","Frydos Autosupply n' More",312.73,"6901",2014-01-07,"L9363",272.73,2014-01-07
"212","Katerina's Cafe",19.53,"5921",2014-01-07,"L3295",19.53,2014-01-07
"213","Katerina's Cafe",17.26,"9617",2014-01-07,"L5553",17.26,2014-01-07
"214","Katerina's Cafe",25.54,"6691",2014-01-07,"L6267",25.54,2014-01-07
"215","Hippokampos",70.19,"1321",2014-01-07,"L4149",10.19,2014-01-07
"216","Guy's Gyros",23.12,"5368",2014-01-07,"L2247",23.12,2014-01-07
"217","Katerina's Cafe",32.83,"3492",2014-01-07,"L7814",32.83,2014-01-07
"218","Ouzeri Elian",20.53,"2681",2014-01-07,"L1107",20.53,2014-01-07
"219","Katerina's Cafe",33.29,"9405",2014-01-07,"L3259",33.29,2014-01-07
"220","Hippokampos",21.2,"2540",2014-01-07,"L5947",21.2,2014-01-07
"221","Hippokampos",37.88,"2463",2014-01-07,"L6886",37.88,2014-01-07
"222","Katerina's Cafe",18.35,"1310",2014-01-07,"L8012",18.35,2014-01-07
"223","Hippokampos",35.85,"7688",2014-01-07,"L4164",15.85,2014-01-07
"224","Hippokampos",22.18,"8332",2014-01-07,"L2070",22.18,2014-01-07
"225","Brew've Been Served",15.66,"7354",2014-01-08,"L9254",15.66,2014-01-08
"226","Hallowed Grounds",8.15,"1874",2014-01-08,"L4424",8.15,2014-01-08
"227","Hallowed Grounds",5.85,"8129",2014-01-08,"L8328",5.85,2014-01-08
"228","Brew've Been Served",3.09,"4948",2014-01-08,"L9406",3.09,2014-01-08
"229","Hallowed Grounds",3.4,"9617",2014-01-08,"L5553",3.4,2014-01-08
"230","Hallowed Grounds",3.11,"3492",2014-01-08,"L7814",3.11,2014-01-08
"231","Brew've Been Served",32.92,"3853",2014-01-08,"L1485",12.92,2014-01-08
"232","Brew've Been Served",8.27,"6816",2014-01-08,"L8148",8.27,2014-01-08
"233","Brew've Been Served",19.17,"9683",2014-01-08,"L7291",19.17,2014-01-08
"234","Brew've Been Served",33.68,"9405",2014-01-08,"L3259",13.68,2014-01-08
"235","Hallowed Grounds",3.9,"2681",2014-01-08,"L1107",3.9,2014-01-08
"236","Coffee Cameleon",6.59,"7253",2014-01-08,"L1682",6.59,2014-01-08
"237","Coffee Cameleon",12.26,"5921",2014-01-08,"L3295",12.26,2014-01-08
"238","Hallowed Grounds",79.92,"7889",2014-01-08,"L6119",19.92,2014-01-08
"239","Brew've Been Served",91.87,"3484",2014-01-08,"L2490",11.87,2014-01-08
"240","Hallowed Grounds",11.63,"6691",2014-01-08,"L6267",11.63,2014-01-08
"241","Brew've Been Served",8.4,"5407",2014-01-08,"L4034",8.4,2014-01-08
"242","Coffee Cameleon",15.71,"2142",2014-01-08,"L9637",15.71,2014-01-08
"243","Brew've Been Served",3.92,"8202",2014-01-08,"L2343",3.92,2014-01-08
"244","Brew've Been Served",17.13,"7819",2014-01-08,"L5259",17.13,2014-01-08
"245","Brew've Been Served",3.42,"7384",2014-01-08,"L3800",3.42,2014-01-08
"246","Brew've Been Served",10.15,"6901",2014-01-08,"L9363",10.15,2014-01-08
"247","Brew've Been Served",11.48,"8411",2014-01-08,"L6110",11.48,2014-01-08
"248","Brew've Been Served",7.26,"1286",2014-01-08,"L3572",7.26,2014-01-08
"249","Brew've Been Served",6.3,"4434",2014-01-08,"L2169",6.3,2014-01-08
"250","Coffee Cameleon",16.17,"2418",2014-01-08,"L9018",16.17,2014-01-08
"251","Nationwide Refinery",4513.16,"9152",2014-01-08,"L5485",4513.16,2014-01-08
"252","Nationwide Refinery",3674.32,"9735",2014-01-08,"L9633",3674.32,2014-01-08
"253","Stewart and Sons Fabrication",1738.26,"9152",2014-01-08,"L5485",1738.26,2014-01-08
"254","Stewart and Sons Fabrication",1673.77,"9735",2014-01-08,"L9633",1673.77,2014-01-08
"255","Coffee Shack",13.13,"7117",2014-01-08,"L6417",13.13,2014-01-08
"256","Bean There Done That",17.45,"1415",2014-01-08,"L7783",17.45,2014-01-08
"257","Bean There Done That",12.07,"9635",2014-01-08,"L3191",12.07,2014-01-08
"258","Brewed Awakenings",11.73,"7688",2014-01-08,"L4164",11.73,2014-01-08
"259","Jack's Magical Beans",3.96,"6899",2014-01-08,"L6267",3.96,2014-01-08
"260","Brewed Awakenings",12.32,"2540",2014-01-08,"L5947",12.32,2014-01-08
"261","Bean There Done That",94.96,"1321",2014-01-08,"L4149",14.96,2014-01-08
"262","Jack's Magical Beans",18.78,"9241",2014-01-08,"L3288",18.78,2014-01-08
"263","Jack's Magical Beans",12.37,"8156",2014-01-08,"L5224",12.37,2014-01-08
"264","Jack's Magical Beans",31.25,"2463",2014-01-08,"L6886",11.25,2014-01-08
"265","Frank's Fuel",65.34,"3853",2014-01-08,"L1485",65.34,2014-01-08
"266","Abila Airport",2723.18,"8642",2014-01-08,"L2769",2723.18,2014-01-08
"267","Chostus Hotel",107.51,"2540",2014-01-08,"L5947",107.51,2014-01-08
"268","Carlyle Chemical Inc.",4983.52,"4530",2014-01-08,"L8477",4983.52,2014-01-08
"269","Abila Zacharo",22.13,"5407",2014-01-08,"L4034",22.13,2014-01-08
"270","Hippokampos",26.55,"8332",2014-01-08,"L2070",26.55,2014-01-08
"271","Hippokampos",9.03,"4795",2014-01-08,"L8566",9.03,2014-01-08
"272","Katerina's Cafe",29.26,"7792",2014-01-08,"L5756",29.26,2014-01-08
"273","Chostus Hotel",111.89,"9683",2014-01-08,"L7291",111.89,2014-01-08
"274","Ouzeri Elian",109.73,"8156",2014-01-08,"L5224",29.73,2014-01-08
"275","Abila Zacharo",36.85,"2463",2014-01-08,"L6886",36.85,2014-01-08
"276","Hippokampos",16.59,"7253",2014-01-08,"L1682",16.59,2014-01-08
"277","Gelatogalore",32.79,"8411",2014-01-08,"L6110",32.79,2014-01-08
"278","Katerina's Cafe",8.53,"6899",2014-01-08,"L6267",8.53,2014-01-08
"279","Gelatogalore",20.72,"9405",2014-01-08,"L3259",20.72,2014-01-08
"280","Kalami Kafenion",24.08,"5921",2014-01-08,"L3295",24.08,2014-01-08
"281","Hippokampos",37.89,"1321",2014-01-08,"L4149",37.89,2014-01-08
"282","Guy's Gyros",30.12,"7384",2014-01-08,"L3800",30.12,2014-01-08
"283","Abila Zacharo",14.41,"1415",2014-01-08,"L7783",14.41,2014-01-08
"284","Gelatogalore",119.75,"3484",2014-01-08,"L2490",39.75,2014-01-08
"285","Katerina's Cafe",26.45,"2142",2014-01-08,"L9637",26.45,2014-01-08
"286","Gelatogalore",35.29,"7889",2014-01-08,"L6119",35.29,2014-01-08
"287","Kalami Kafenion",22.49,"8202",2014-01-08,"L2343",22.49,2014-01-08
"288","Katerina's Cafe",57.04,"6895",2014-01-08,"L3366",37.04,2014-01-08
"289","Hippokampos",39.8,"9551",2014-01-08,"L5777",39.8,2014-01-08
"290","Kalami Kafenion",31.96,"7354",2014-01-08,"L9254",31.96,2014-01-08
"291","Kalami Kafenion",23.82,"3492",2014-01-08,"L7814",23.82,2014-01-08
"292","Abila Zacharo",28.25,"2681",2014-01-08,"L1107",28.25,2014-01-08
"293","Gelatogalore",22.27,"2418",2014-01-08,"L9018",22.27,2014-01-08
"294","Ouzeri Elian",104.92,"5368",2014-01-08,"L2247",24.92,2014-01-08
"295","Hippokampos",28.79,"9635",2014-01-08,"L3191",28.79,2014-01-08
"296","Gelatogalore",116.72,"7819",2014-01-08,"L5259",36.72,2014-01-08
"297","Guy's Gyros",15.86,"1874",2014-01-08,"L4424",15.86,2014-01-08
"298","Abila Zacharo",30.85,"6901",2014-01-08,"L9363",30.85,2014-01-08
"299","Kalami Kafenion",14.77,"6816",2014-01-08,"L8148",14.77,2014-01-08
"300","Abila Zacharo",16.2,"9617",2014-01-08,"L5553",16.2,2014-01-08
"301","Guy's Gyros",10.34,"4434",2014-01-08,"L2169",10.34,2014-01-08
"302","Kronos Pipe and Irrigation",3615.61,"4530",2014-01-08,"L8477",3615.61,2014-01-08
"303","Kalami Kafenion",34.98,"7117",2014-01-08,"L6417",34.98,2014-01-08
"304","Gelatogalore",39.94,"4948",2014-01-08,"L9406",39.94,2014-01-08
"305","Kalami Kafenion",31.43,"8129",2014-01-08,"L8328",31.43,2014-01-08
"306","Carlyle Chemical Inc.",4901.88,"7792",2014-01-08,"L5756",4901.88,2014-01-08
"307","Maximum Iron and Steel",3136.01,"4530",2014-01-08,"L8477",3136.01,2014-01-08
"308","Abila Airport",2769.12,"8642",2014-01-08,"L2769",2769.12,2014-01-08
"309","Hippokampos",10.52,"1415",2014-01-08,"L7783",10.52,2014-01-08
"310","Hippokampos",16.54,"2540",2014-01-08,"L5947",16.54,2014-01-08
"311","Katerina's Cafe",34.25,"5407",2014-01-08,"L4034",34.25,2014-01-08
"312","Guy's Gyros",15.69,"7354",2014-01-08,"L9254",15.69,2014-01-08
"313","Guy's Gyros",30.48,"4434",2014-01-08,"L2169",30.48,2014-01-08
"314","Katerina's Cafe",13.83,"8411",2014-01-08,"L6110",13.83,2014-01-08
"315","Hippokampos",32.66,"6895",2014-01-08,"L3366",32.66,2014-01-08
"316","Guy's Gyros",28.81,"7384",2014-01-08,"L3800",28.81,2014-01-08
"317","Frydos Autosupply n' More",214.07,"2418",2014-01-08,"L9018",214.07,2014-01-08
"318","Katerina's Cafe",31.59,"1310",2014-01-08,"L8012",31.59,2014-01-08
"319","Guy's Gyros",99.08,"3484",2014-01-08,"L2490",19.08,2014-01-08
"320","Frydos Autosupply n' More",182.56,"3853",2014-01-08,"L1485",182.56,2014-01-08
"321","Guy's Gyros",18.24,"9683",2014-01-08,"L7291",18.24,2014-01-08
"322","Katerina's Cafe",33.31,"2142",2014-01-08,"L9637",33.31,2014-01-08
"323","Hippokampos",96.75,"7117",2014-01-08,"L6417",16.75,2014-01-08
"324","Frydos Autosupply n' More",268.89,"6691",2014-01-08,"L6267",268.89,2014-01-08
"325","Katerina's Cafe",36.6,"7889",2014-01-08,"L6119",36.6,2014-01-08
"326","Katerina's Cafe",16.93,"8202",2014-01-08,"L2343",16.93,2014-01-08
"327","Katerina's Cafe",92.83,"5921",2014-01-08,"L3295",32.83,2014-01-08
"328","Albert's Fine Clothing",136.01,"9635",2014-01-08,"L3191",136.01,2014-01-08
"329","Hippokampos",15.64,"8332",2014-01-08,"L2070",15.64,2014-01-08
"330","Hippokampos",26.31,"7688",2014-01-08,"L4164",26.31,2014-01-08
"331","General Grocer",265.84,"7108",2014-01-08,"L6544",265.84,2014-01-08
"332","Katerina's Cafe",27.87,"1874",2014-01-08,"L4424",27.87,2014-01-08
"333","Ouzeri Elian",30.81,"9551",2014-01-08,"L5777",10.81,2014-01-08
"334","Ouzeri Elian",29.85,"6899",2014-01-08,"L6267",29.85,2014-01-08
"335","Hippokampos",78.99,"2463",2014-01-08,"L6886",18.99,2014-01-08
"336","Hallowed Grounds",17.56,"1310",2014-01-09,"L8012",17.56,2014-01-09
"337","Coffee Cameleon",19.99,"5921",2014-01-09,"L3295",19.99,2014-01-09
"338","Hallowed Grounds",56.77,"7108",2014-01-09,"L6544",16.77,2014-01-09
"339","Brew've Been Served",5.3,"7384",2014-01-09,"L3800",5.3,2014-01-09
"340","Brew've Been Served",34.85,"7354",2014-01-09,"L9254",14.85,2014-01-09
"341","Brew've Been Served",5.13,"4795",2014-01-09,"L8566",5.13,2014-01-09
"342","Brew've Been Served",98.25,"8202",2014-01-09,"L2343",18.25,2014-01-09
"343","Hallowed Grounds",18.48,"9617",2014-01-09,"L5553",18.48,2014-01-09
"344","Hallowed Grounds",50.25,"9405",2014-01-09,"L3259",10.25,2014-01-09
"345","Brew've Been Served",19.47,"6901",2014-01-09,"L9363",19.47,2014-01-09
"346","Brew've Been Served",6.21,"4434",2014-01-09,"L2169",6.21,2014-01-09
"347","Brew've Been Served",92.12,"3484",2014-01-09,"L2490",12.12,2014-01-09
"348","Coffee Cameleon",16.13,"2142",2014-01-09,"L9637",16.13,2014-01-09
"349","Brew've Been Served",17.64,"1286",2014-01-09,"L3572",17.64,2014-01-09
"350","Hallowed Grounds",15.33,"2681",2014-01-09,"L1107",15.33,2014-01-09
"351","Abila Airport",2358.22,"3506",2014-01-09,"L7761",2358.22,2014-01-09
"352","Carlyle Chemical Inc.",529.47,"7792",2014-01-09,"L5756",529.47,2014-01-09
"353","Nationwide Refinery",674.28,"9735",2014-01-09,"L9633",674.28,2014-01-09
"354","Stewart and Sons Fabrication",1015.65,"3506",2014-01-09,"L7761",1015.65,2014-01-09
"355","Carlyle Chemical Inc.",732.82,"4530",2014-01-09,"L8477",732.82,2014-01-09
"356","Nationwide Refinery",289.3,"7792",2014-01-09,"L5756",289.3,2014-01-09
"357","Stewart and Sons Fabrication",3544,"9735",2014-01-09,"L9633",3544,2014-01-09
"358","Coffee Shack",5.01,"7117",2014-01-09,"L6417",5.01,2014-01-09
"359","Bean There Done That",13,"1415",2014-01-09,"L7783",13,2014-01-09
"360","Jack's Magical Beans",10.11,"6899",2014-01-09,"L6267",10.11,2014-01-09
"361","Jack's Magical Beans",6,"3853",2014-01-09,"L1485",6,2014-01-09
"362","Brewed Awakenings",13.16,"2540",2014-01-09,"L5947",13.16,2014-01-09
"363","Bean There Done That",4.06,"1877",2014-01-09,"L3014",4.06,2014-01-09
"364","Brewed Awakenings",17.66,"8332",2014-01-09,"L2070",17.66,2014-01-09
"365","Jack's Magical Beans",37.43,"2463",2014-01-09,"L6886",17.43,2014-01-09
"366","Abila Airport",202.93,"8642",2014-01-09,"L2769",182.93,2014-01-09
"367","Nationwide Refinery",1440.39,"3506",2014-01-09,"L7761",1420.39,2014-01-09
"368","Katerina's Cafe",17.02,"7253",2014-01-09,"L1682",17.02,2014-01-09
"369","Gelatogalore",19.2,"5407",2014-01-09,"L4034",19.2,2014-01-09
"370","Abila Airport",4792.5,"2276",2014-01-09,"L3317",4792.5,2014-01-09
"371","Ouzeri Elian",26.09,"7688",2014-01-09,"L4164",26.09,2014-01-09
"372","Gelatogalore",23.45,"4795",2014-01-09,"L8566",23.45,2014-01-09
"373","Guy's Gyros",105.4,"7354",2014-01-09,"L9254",25.4,2014-01-09
"374","Gelatogalore",8.6,"6899",2014-01-09,"L6267",8.6,2014-01-09
"375","Gelatogalore",56.74,"2540",2014-01-09,"L5947",16.74,2014-01-09
"376","Ouzeri Elian",22.4,"6816",2014-01-09,"L8148",22.4,2014-01-09
"377","Katerina's Cafe",16.98,"7792",2014-01-09,"L5756",16.98,2014-01-09
"378","Abila Zacharo",8.16,"3484",2014-01-09,"L2490",8.16,2014-01-09
"379","Kalami Kafenion",110.76,"6895",2014-01-09,"L3366",30.76,2014-01-09
"380","Katerina's Cafe",25.85,"8156",2014-01-09,"L5224",25.85,2014-01-09
"381","Guy's Gyros",13.59,"7889",2014-01-09,"L6119",13.59,2014-01-09
"382","Hippokampos",27.47,"2418",2014-01-09,"L9018",27.47,2014-01-09
"383","Abila Zacharo",8.6,"2463",2014-01-09,"L6886",8.6,2014-01-09
"384","Katerina's Cafe",10.42,"3853",2014-01-09,"L1485",10.42,2014-01-09
"385","Gelatogalore",23.23,"8411",2014-01-09,"L6110",23.23,2014-01-09
"386","Hippokampos",27.93,"9683",2014-01-09,"L7291",27.93,2014-01-09
"387","Hippokampos",9.12,"1321",2014-01-09,"L4149",9.12,2014-01-09
"388","Kalami Kafenion",18.14,"7384",2014-01-09,"L3800",18.14,2014-01-09
"389","Abila Zacharo",20.73,"1874",2014-01-09,"L4424",20.73,2014-01-09
"390","Gelatogalore",11.94,"9405",2014-01-09,"L3259",11.94,2014-01-09
"391","Abila Zacharo",89.41,"9551",2014-01-09,"L5777",29.41,2014-01-09
"392","Hippokampos",8.43,"9635",2014-01-09,"L3191",8.43,2014-01-09
"393","Hippokampos",39.22,"5368",2014-01-09,"L2247",19.22,2014-01-09
"394","Guy's Gyros",74.91,"1415",2014-01-09,"L7783",14.91,2014-01-09
"395","Guy's Gyros",15,"9617",2014-01-09,"L5553",15,2014-01-09
"396","Gelatogalore",24.68,"2681",2014-01-09,"L1107",24.68,2014-01-09
"397","Hippokampos",13.84,"1310",2014-01-09,"L8012",13.84,2014-01-09
"398","Kalami Kafenion",19.84,"4948",2014-01-09,"L9406",19.84,2014-01-09
"399","Hippokampos",65.7,"4434",2014-01-09,"L2169",25.7,2014-01-09
"400","Kalami Kafenion",35.99,"6691",2014-01-09,"L6267",35.99,2014-01-09
"401","Kalami Kafenion",10.94,"8129",2014-01-09,"L8328",10.94,2014-01-09
"402","Ouzeri Elian",32.89,"7108",2014-01-09,"L6544",32.89,2014-01-09
"403","Katerina's Cafe",8.01,"1877",2014-01-09,"L3014",8.01,2014-01-09
"404","Guy's Gyros",27.69,"8202",2014-01-09,"L2343",27.69,2014-01-09
"405","Abila Scrapyard",1158.36,"2276",2014-01-09,"L3317",1158.36,2014-01-09
"406","Guy's Gyros",17.44,"5921",2014-01-09,"L3295",17.44,2014-01-09
"407","Abila Zacharo",14.37,"7819",2014-01-09,"L5259",14.37,2014-01-09
"408","Gelatogalore",36.75,"7117",2014-01-09,"L6417",36.75,2014-01-09
"409","Carlyle Chemical Inc.",382.43,"7792",2014-01-09,"L5756",382.43,2014-01-09
"410","Kronos Pipe and Irrigation",423.14,"4530",2014-01-09,"L8477",423.14,2014-01-09
"411","Stewart and Sons Fabrication",918.6,"2276",2014-01-09,"L3317",918.6,2014-01-09
"412","Maximum Iron and Steel",1527.14,"4530",2014-01-09,"L8477",1527.14,2014-01-09
"413","Abila Airport",4538.52,"8642",2014-01-09,"L2769",4538.52,2014-01-09
"414","Carlyle Chemical Inc.",2176.2,"7792",2014-01-09,"L5756",2176.2,2014-01-09
"415","Nationwide Refinery",1322.5,"2276",2014-01-09,"L3317",1322.5,2014-01-09
"416","Katerina's Cafe",35.92,"8129",2014-01-09,"L8328",35.92,2014-01-09
"417","Katerina's Cafe",26.6,"5921",2014-01-09,"L3295",26.6,2014-01-09
"418","Frydos Autosupply n' More",138.02,"3484",2014-01-09,"L2490",138.02,2014-01-09
"419","Guy's Gyros",31.81,"7354",2014-01-09,"L9254",31.81,2014-01-09
"420","Guy's Gyros",29.96,"6816",2014-01-09,"L8148",29.96,2014-01-09
"421","Hippokampos",15.02,"2540",2014-01-09,"L5947",15.02,2014-01-09
"422","Katerina's Cafe",26.6,"4948",2014-01-09,"L9406",26.6,2014-01-09
"423","Katerina's Cafe",19.02,"3492",2014-01-09,"L7814",19.02,2014-01-09
"424","Katerina's Cafe",90.97,"6691",2014-01-09,"L6267",30.97,2014-01-09
"425","General Grocer",285.34,"4795",2014-01-09,"L8566",285.34,2014-01-09
"426","Albert's Fine Clothing",224.52,"7117",2014-01-09,"L6417",224.52,2014-01-09
"427","Katerina's Cafe",29.82,"8202",2014-01-09,"L2343",29.82,2014-01-09
"428","Guy's Gyros",8.23,"7889",2014-01-09,"L6119",8.23,2014-01-09
"429","Guy's Gyros",18.26,"1286",2014-01-09,"L3572",18.26,2014-01-09
"430","Katerina's Cafe",53.78,"5407",2014-01-09,"L4034",13.78,2014-01-09
"431","Guy's Gyros",8.23,"5368",2014-01-09,"L2247",8.23,2014-01-09
"432","Guy's Gyros",35.05,"7384",2014-01-09,"L3800",35.05,2014-01-09
"433","Hippokampos",9.13,"2463",2014-01-09,"L6886",9.13,2014-01-09
"434","Frydos Autosupply n' More",276.75,"3853",2014-01-09,"L1485",276.75,2014-01-09
"435","Hippokampos",24.96,"6895",2014-01-09,"L3366",24.96,2014-01-09
"436","Guy's Gyros",31.31,"4434",2014-01-09,"L2169",31.31,2014-01-09
"437","Hippokampos",23.66,"8156",2014-01-09,"L5224",23.66,2014-01-09
"438","Shoppers' Delight",258.43,"2681",2014-01-09,"L1107",258.43,2014-01-09
"439","Katerina's Cafe",8.57,"1310",2014-01-09,"L8012",8.57,2014-01-09
"440","Albert's Fine Clothing",229.98,"8332",2014-01-09,"L2070",229.98,2014-01-09
"441","Hippokampos",10.12,"9635",2014-01-09,"L3191",10.12,2014-01-09
"442","Hallowed Grounds",16.75,"8129",2014-01-10,"L8328",16.75,2014-01-10
"443","Brew've Been Served",15.85,"6816",2014-01-10,"L8148",15.85,2014-01-10
"444","Coffee Cameleon",8.51,"7253",2014-01-10,"L1682",8.51,2014-01-10
"445","Hallowed Grounds",12.03,"1874",2014-01-10,"L4424",12.03,2014-01-10
"446","Hallowed Grounds",8.34,"9617",2014-01-10,"L5553",8.34,2014-01-10
"447","Hallowed Grounds",11.49,"1310",2014-01-10,"L8012",11.49,2014-01-10
"448","Brew've Been Served",5.01,"3484",2014-01-10,"L2490",5.01,2014-01-10
"449","Hallowed Grounds",17.63,"2681",2014-01-10,"L1107",17.63,2014-01-10
"450","Brew've Been Served",44.88,"4948",2014-01-10,"L9406",4.88,2014-01-10
"451","Coffee Cameleon",11.54,"5921",2014-01-10,"L3295",11.54,2014-01-10
"452","Brew've Been Served",13.32,"9405",2014-01-10,"L3259",13.32,2014-01-10
"453","Hallowed Grounds",10.34,"7889",2014-01-10,"L6119",10.34,2014-01-10
"454","Hallowed Grounds",10.76,"7108",2014-01-10,"L6544",10.76,2014-01-10
"455","Brew've Been Served",83.44,"7384",2014-01-10,"L3800",3.44,2014-01-10
"456","Coffee Cameleon",9.69,"2418",2014-01-10,"L9018",9.69,2014-01-10
"457","Brew've Been Served",85.91,"5368",2014-01-10,"L2247",5.91,2014-01-10
"458","Brew've Been Served",97.25,"4795",2014-01-10,"L8566",17.25,2014-01-10
"459","Brew've Been Served",90.72,"7354",2014-01-10,"L9254",10.72,2014-01-10
"460","Brew've Been Served",5.89,"1286",2014-01-10,"L3572",5.89,2014-01-10
"461","Brew've Been Served",5.31,"6901",2014-01-10,"L9363",5.31,2014-01-10
"462","Hallowed Grounds",9.34,"6691",2014-01-10,"L6267",9.34,2014-01-10
"463","Brew've Been Served",14.45,"3853",2014-01-10,"L1485",14.45,2014-01-10
"464","Brew've Been Served",3.03,"7819",2014-01-10,"L5259",3.03,2014-01-10
"465","Brew've Been Served",12.64,"4434",2014-01-10,"L2169",12.64,2014-01-10
"466","Brew've Been Served",14.36,"8411",2014-01-10,"L6110",14.36,2014-01-10
"467","Carlyle Chemical Inc.",227.81,"9614",2014-01-10,"L5924",227.81,2014-01-10
"468","Kronos Mart",203.91,"7688",2014-01-10,"L4164",203.91,2014-01-09
"469","Nationwide Refinery",1552.82,"9735",2014-01-10,"L9633",1552.82,2014-01-10
"470","Nationwide Refinery",2302.73,"9614",2014-01-10,"L5924",2262.73,2014-01-10
"471","Stewart and Sons Fabrication",4074.1,"9735",2014-01-10,"L9633",4074.1,2014-01-10
"472","Bean There Done That",15.39,"1415",2014-01-10,"L7783",15.39,2014-01-10
"473","Bean There Done That",3.92,"9635",2014-01-10,"L3191",3.92,2014-01-10
"474","Brewed Awakenings",13.82,"7688",2014-01-10,"L4164",13.82,2014-01-10
"475","Jack's Magical Beans",15.69,"6899",2014-01-10,"L6267",15.69,2014-01-10
"476","Brewed Awakenings",6.17,"2540",2014-01-10,"L5947",6.17,2014-01-10
"477","Bean There Done That",13.41,"1877",2014-01-10,"L3014",13.41,2014-01-10
"478","Brewed Awakenings",13.9,"8332",2014-01-10,"L2070",13.9,2014-01-10
"479","Bean There Done That",18.67,"1321",2014-01-10,"L4149",18.67,2014-01-10
"480","Bean There Done That",9.3,"6895",2014-01-10,"L3366",9.3,2014-01-10
"481","Jack's Magical Beans",16.29,"9241",2014-01-10,"L3288",16.29,2014-01-10
"482","Jack's Magical Beans",5.46,"8156",2014-01-10,"L5224",5.46,2014-01-10
"483","Stewart and Sons Fabrication",4195.49,"9614",2014-01-10,"L5924",4195.49,2014-01-10
"484","Chostus Hotel",133.25,"9683",2014-01-10,"L7291",113.25,2014-01-10
"485","Guy's Gyros",36.44,"8156",2014-01-10,"L5224",36.44,2014-01-10
"486","Guy's Gyros",26.76,"6816",2014-01-10,"L8148",26.76,2014-01-10
"487","Guy's Gyros",15.93,"7253",2014-01-10,"L1682",15.93,2014-01-10
"488","Abila Zacharo",113.33,"6899",2014-01-10,"L6267",33.33,2014-01-10
"489","Katerina's Cafe",34.76,"7688",2014-01-10,"L4164",34.76,2014-01-10
"490","Kalami Kafenion",35.69,"3484",2014-01-10,"L2490",35.69,2014-01-10
"491","Gelatogalore",26.15,"1415",2014-01-10,"L7783",26.15,2014-01-10
"492","Ouzeri Elian",35.24,"3853",2014-01-10,"L1485",35.24,2014-01-10
"493","Kalami Kafenion",101.5,"9241",2014-01-10,"L3288",101.5,2014-01-10
"494","Abila Zacharo",36.73,"1310",2014-01-10,"L8012",36.73,2014-01-10
"495","Katerina's Cafe",25.36,"7354",2014-01-10,"L9254",25.36,2014-01-10
"496","Guy's Gyros",26.68,"7384",2014-01-10,"L3800",26.68,2014-01-10
"497","Katerina's Cafe",21.22,"2418",2014-01-10,"L9018",21.22,2014-01-10
"498","Hippokampos",32.01,"2463",2014-01-10,"L6886",32.01,2014-01-10
"499","Guy's Gyros",38.15,"8411",2014-01-10,"L6110",38.15,2014-01-10
"500","Ouzeri Elian",20.46,"9405",2014-01-10,"L3259",20.46,2014-01-10
"501","Kalami Kafenion",27.48,"5407",2014-01-10,"L4034",27.48,2014-01-10
"502","Abila Zacharo",31.34,"2681",2014-01-10,"L1107",31.34,2014-01-10
"503","Guy's Gyros",31.5,"9635",2014-01-10,"L3191",31.5,2014-01-10
"504","Katerina's Cafe",25.62,"6895",2014-01-10,"L3366",25.62,2014-01-10
"505","Katerina's Cafe",24.33,"2142",2014-01-10,"L9637",24.33,2014-01-10
"506","Ouzeri Elian",15.25,"1877",2014-01-10,"L3014",15.25,2014-01-10
"507","Guy's Gyros",31.05,"1321",2014-01-10,"L4149",31.05,2014-01-10
"508","Kalami Kafenion",24.3,"4434",2014-01-10,"L2169",24.3,2014-01-10
"509","Guy's Gyros",16.34,"8129",2014-01-10,"L8328",16.34,2014-01-10
"510","Ouzeri Elian",24.74,"5368",2014-01-10,"L2247",24.74,2014-01-10
"511","Hippokampos",39.89,"6901",2014-01-10,"L9363",39.89,2014-01-10
"512","Abila Zacharo",8.22,"1874",2014-01-10,"L4424",8.22,2014-01-10
"513","Abila Zacharo",16.12,"3492",2014-01-10,"L7814",16.12,2014-01-10
"514","Abila Zacharo",36.38,"7819",2014-01-10,"L5259",36.38,2014-01-10
"515","Ouzeri Elian",30.93,"9617",2014-01-10,"L5553",30.93,2014-01-10
"516","Abila Zacharo",9.32,"6691",2014-01-10,"L6267",9.32,2014-01-10
"517","Gelatogalore",32.19,"8202",2014-01-10,"L2343",32.19,2014-01-10
"518","Octavio's Office Supplies",139.72,"4795",2014-01-10,"L8566",139.72,2014-01-10
"519","Octavio's Office Supplies",64.51,"7253",2014-01-10,"L1682",64.51,2014-01-10
"520","Ouzeri Elian",19.92,"6899",2014-01-10,"L6267",19.92,2014-01-10
"521","Guy's Gyros",23.61,"6816",2014-01-10,"L8148",23.61,2014-01-10
"522","Hippokampos",48.22,"1415",2014-01-10,"L7783",28.22,2014-01-10
"523","Guy's Gyros",27.78,"4795",2014-01-10,"L8566",27.78,2014-01-10
"524","Hippokampos",19.88,"7117",2014-01-10,"L6417",19.88,2014-01-10
"525","Katerina's Cafe",21.89,"5921",2014-01-10,"L3295",21.89,2014-01-10
"526","Frydos Autosupply n' More",43.65,"8202",2014-01-10,"L2343",43.65,2014-01-10
"527","Katerina's Cafe",15.76,"9405",2014-01-10,"L3259",15.76,2014-01-10
"528","Hippokampos",70.48,"7688",2014-01-10,"L4164",10.48,2014-01-10
"529","Katerina's Cafe",8.14,"8411",2014-01-10,"L6110",8.14,2014-01-10
"530","Guy's Gyros",29.81,"6901",2014-01-10,"L9363",29.81,2014-01-10
"531","Albert's Fine Clothing",126.13,"6895",2014-01-10,"L3366",126.13,2014-01-10
"532","Frydos Autosupply n' More",237.08,"7384",2014-01-10,"L3800",217.08,2014-01-10
"533","Shoppers' Delight",279.53,"7819",2014-01-10,"L5259",279.53,2014-01-10
"534","Katerina's Cafe",21.28,"5407",2014-01-10,"L4034",21.28,2014-01-10
"535","Hippokampos",17.21,"8332",2014-01-10,"L2070",17.21,2014-01-10
"536","Guy's Gyros",25.81,"5368",2014-01-10,"L2247",25.81,2014-01-10
"537","General Grocer",227.28,"4434",2014-01-10,"L2169",227.28,2014-01-10
"538","Hippokampos",79.97,"2463",2014-01-10,"L6886",39.97,2014-01-10
"539","Katerina's Cafe",45.22,"8156",2014-01-11,"L5224",45.22,2014-01-11
"540","Katerina's Cafe",45.21,"2418",2014-01-11,"L9018",45.21,2014-01-11
"541","Katerina's Cafe",29.1,"6895",2014-01-11,"L3366",29.1,2014-01-11
"542","Abila Zacharo",54.82,"1310",2014-01-11,"L8012",54.82,2014-01-11
"543","Abila Zacharo",89.54,"2540",2014-01-11,"L5947",89.54,2014-01-11
"544","Gelatogalore",17.31,"9617",2014-01-11,"L5553",17.31,2014-01-11
"545","Hippokampos",103.38,"4434",2014-01-11,"L2169",23.38,2014-01-11
"546","Hippokampos",82.23,"6691",2014-01-11,"L6267",22.23,2014-01-11
"547","Katerina's Cafe",71.65,"3484",2014-01-11,"L2490",71.65,2014-01-11
"548","Katerina's Cafe",23.45,"1321",2014-01-11,"L4149",23.45,2014-01-11
"549","Kalami Kafenion",35.66,"7117",2014-01-11,"L6417",35.66,2014-01-11
"550","Kalami Kafenion",39.36,"7108",2014-01-11,"L6544",39.36,2014-01-11
"551","Katerina's Cafe",26.02,"2142",2014-01-11,"L9637",26.02,2014-01-11
"552","Abila Zacharo",45.2,"6901",2014-01-11,"L9363",45.2,2014-01-11
"553","Shoppers' Delight",238.52,"2418",2014-01-11,"L9018",238.52,2014-01-11
"554","General Grocer",78.02,"8129",2014-01-11,"L8328",78.02,2014-01-11
"555","Albert's Fine Clothing",211.47,"4434",2014-01-11,"L2169",211.47,2014-01-11
"556","Frydos Autosupply n' More",52.73,"7688",2014-01-11,"L4164",52.73,2014-01-11
"557","Ahaggo Museum",89.32,"4795",2014-01-11,"L8566",89.32,2014-01-11
"558","Ahaggo Museum",52.14,"9683",2014-01-11,"L7291",32.14,2014-01-11
"559","Katerina's Cafe",55.67,"9617",2014-01-11,"L5553",55.67,2014-01-11
"560","Kalami Kafenion",23.86,"7819",2014-01-11,"L5259",23.86,2014-01-11
"561","Ouzeri Elian",69.36,"6899",2014-01-11,"L6267",69.36,2014-01-11
"562","Hippokampos",66.21,"7688",2014-01-11,"L4164",66.21,2014-01-11
"563","Albert's Fine Clothing",105.33,"8156",2014-01-11,"L5224",105.33,2014-01-11
"564","Hippokampos",32.63,"9683",2014-01-11,"L7291",32.63,2014-01-11
"565","Hippokampos",63.21,"4795",2014-01-11,"L8566",63.21,2014-01-11
"566","Katerina's Cafe",33.18,"2142",2014-01-11,"L9637",33.18,2014-01-11
"567","Katerina's Cafe",20.71,"6691",2014-01-11,"L6267",20.71,2014-01-11
"568","Katerina's Cafe",57.36,"2540",2014-01-11,"L5947",57.36,2014-01-11
"569","Hippokampos",63.21,"8332",2014-01-11,"L2070",63.21,2014-01-11
"570","Katerina's Cafe",12.55,"7889",2014-01-11,"L6119",12.55,2014-01-11
"571","Katerina's Cafe",45.68,"1310",2014-01-11,"L8012",45.68,2014-01-11
"572","Hippokampos",67.37,"9635",2014-01-11,"L3191",67.37,2014-01-11
"573","Guy's Gyros",36.2,"5368",2014-01-11,"L2247",36.2,2014-01-11
"574","Katerina's Cafe",25.76,"4948",2014-01-11,"L9406",25.76,2014-01-11
"575","Katerina's Cafe",52.45,"8202",2014-01-11,"L2343",52.45,2014-01-11
"576","Guy's Gyros",33.65,"7384",2014-01-11,"L3800",33.65,2014-01-11
"577","Guy's Gyros",16.33,"7354",2014-01-11,"L9254",16.33,2014-01-11
"578","Katerina's Cafe",9.78,"9405",2014-01-11,"L3259",9.78,2014-01-11
"579","Frydos Autosupply n' More",236.25,"8129",2014-01-11,"L8328",236.25,2014-01-11
"580","Hippokampos",70.23,"1415",2014-01-11,"L7783",70.23,2014-01-11
"581","Katerina's Cafe",94.68,"2418",2014-01-11,"L9018",94.68,2014-01-11
"582","Frydos Autosupply n' More",261,"6901",2014-01-11,"L9363",261,2014-01-11
"583","Hippokampos",69.8,"7117",2014-01-11,"L6417",69.8,2014-01-11
"584","Katerina's Cafe",57.6,"1874",2014-01-11,"L4424",17.6,2014-01-11
"585","Ouzeri Elian",38.55,"8332",2014-01-12,"L2070",38.55,2014-01-12
"586","Ouzeri Elian",98.45,"5407",2014-01-12,"L4034",98.45,2014-01-12
"587","Hippokampos",12.55,"2142",2014-01-12,"L9637",12.55,2014-01-12
"588","Ouzeri Elian",24.72,"7819",2014-01-12,"L5259",24.72,2014-01-12
"589","Ouzeri Elian",72.32,"1310",2014-01-12,"L8012",72.32,2014-01-12
"590","Guy's Gyros",34.74,"6901",2014-01-12,"L9363",34.74,2014-01-12
"591","Ouzeri Elian",117.22,"8156",2014-01-12,"L5224",117.22,2014-01-12
"592","Hippokampos",29.2,"7117",2014-01-12,"L6417",29.2,2014-01-12
"593","Abila Zacharo",11.2,"9683",2014-01-12,"L7291",11.2,2014-01-12
"594","Desafio Golf Course",129.33,"2463",2014-01-12,"L6886",129.33,2014-01-12
"595","Hippokampos",8.54,"7889",2014-01-12,"L6119",8.54,2014-01-12
"596","Kalami Kafenion",14.59,"3492",2014-01-12,"L7814",14.59,2014-01-12
"597","Hippokampos",12.57,"1874",2014-01-12,"L4424",12.57,2014-01-12
"598","Hippokampos",71.99,"9551",2014-01-12,"L5777",31.99,2014-01-12
"599","Desafio Golf Course",220.77,"7688",2014-01-12,"L4164",160.77,2014-01-12
"600","Desafio Golf Course",198.46,"8332",2014-01-12,"L2070",198.46,2014-01-12
"601","Guy's Gyros",30.47,"8129",2014-01-12,"L8328",30.47,2014-01-12
"602","Shoppers' Delight",135.78,"1310",2014-01-12,"L8012",135.78,2014-01-12
"603","Shoppers' Delight",86.22,"1286",2014-01-12,"L3572",86.22,2014-01-12
"604","Shoppers' Delight",204.37,"7819",2014-01-12,"L5259",204.37,2014-01-12
"605","General Grocer",159.3,"7117",2014-01-12,"L6417",159.3,2014-01-12
"606","Albert's Fine Clothing",195.81,"2142",2014-01-12,"L9637",195.81,2014-01-12
"607","Shoppers' Delight",51.5,"3547",2014-01-12,"L9362",51.5,2014-01-12
"608","Ahaggo Museum",120.2,"6901",2014-01-12,"L9363",120.2,2014-01-12
"609","Katerina's Cafe",12.64,"7889",2014-01-12,"L6119",12.64,2014-01-12
"610","Katerina's Cafe",11.81,"7253",2014-01-12,"L1682",11.81,2014-01-12
"611","Hippokampos",27.15,"1321",2014-01-12,"L4149",27.15,2014-01-12
"612","Guy's Gyros",42.32,"7108",2014-01-12,"L6544",42.32,2014-01-12
"613","Shoppers' Delight",211.03,"7384",2014-01-12,"L3800",211.03,2014-01-12
"614","Hippokampos",66.63,"1415",2014-01-12,"L7783",66.63,2014-01-12
"615","Guy's Gyros",34.41,"3853",2014-01-12,"L1485",34.41,2014-01-12
"616","Hippokampos",49.23,"6895",2014-01-12,"L3366",49.23,2014-01-12
"617","Katerina's Cafe",40.94,"5407",2014-01-12,"L4034",40.94,2014-01-12
"618","Hippokampos",26.79,"8332",2014-01-12,"L2070",26.79,2014-01-12
"619","Hippokampos",52.21,"8156",2014-01-12,"L5224",52.21,2014-01-12
"620","Frydos Autosupply n' More",88.93,"5368",2014-01-12,"L2247",88.93,2014-01-12
"621","Albert's Fine Clothing",63.36,"1877",2014-01-12,"L3014",63.36,2014-01-12
"622","Ouzeri Elian",55.55,"6899",2014-01-12,"L6267",55.55,2014-01-12
"623","Katerina's Cafe",39.3,"8129",2014-01-12,"L8328",39.3,2014-01-12
"624","Hippokampos",78.21,"9635",2014-01-12,"L3191",78.21,2014-01-12
"625","Katerina's Cafe",67.14,"3547",2014-01-12,"L9362",67.14,2014-01-12
"626","Katerina's Cafe",15.37,"9405",2014-01-12,"L3259",15.37,2014-01-12
"627","Hippokampos",69.41,"2540",2014-01-12,"L5947",29.41,2014-01-12
"628","Katerina's Cafe",16.34,"8411",2014-01-12,"L6110",16.34,2014-01-12
"629","Katerina's Cafe",40.25,"4948",2014-01-12,"L9406",40.25,2014-01-12
"630","Hippokampos",63.32,"7688",2014-01-12,"L4164",63.32,2014-01-12
"631","Frydos Autosupply n' More",161.96,"8202",2014-01-12,"L2343",161.96,2014-01-12
"632","Katerina's Cafe",87.09,"1874",2014-01-12,"L4424",27.09,2014-01-12
"633","Kronos Mart",147.3,"5407",2014-01-13,"L4034",147.3,2014-01-12
"634","Hallowed Grounds",9.16,"7889",2014-01-13,"L6119",9.16,2014-01-13
"635","Brew've Been Served",8.04,"7384",2014-01-13,"L3800",8.04,2014-01-13
"636","Coffee Cameleon",19.93,"3547",2014-01-13,"L9362",19.93,2014-01-13
"637","Brew've Been Served",8,"9683",2014-01-13,"L7291",8,2014-01-13
"638","Brew've Been Served",24.18,"6816",2014-01-13,"L8148",4.18,2014-01-13
"639","Hallowed Grounds",13.68,"3492",2014-01-13,"L7814",13.68,2014-01-13
"640","Brew've Been Served",18.71,"4795",2014-01-13,"L8566",18.71,2014-01-13
"641","Hallowed Grounds",5.85,"9405",2014-01-13,"L3259",5.85,2014-01-13
"642","Brew've Been Served",19.64,"7354",2014-01-13,"L9254",19.64,2014-01-13
"643","Hallowed Grounds",19.18,"7108",2014-01-13,"L6544",19.18,2014-01-13
"644","Coffee Cameleon",17.49,"2418",2014-01-13,"L9018",17.49,2014-01-13
"645","Brew've Been Served",9.53,"4948",2014-01-13,"L9406",9.53,2014-01-13
"646","Brew've Been Served",78.23,"3484",2014-01-13,"L2490",18.23,2014-01-13
"647","Hallowed Grounds",6.32,"6691",2014-01-13,"L6267",6.32,2014-01-13
"648","Brew've Been Served",13.37,"8411",2014-01-13,"L6110",13.37,2014-01-13
"649","Kronos Mart",159.06,"6816",2014-01-13,"L8148",159.06,2014-01-12
"650","Coffee Cameleon",4.88,"7253",2014-01-13,"L1682",4.88,2014-01-13
"651","Brew've Been Served",16.05,"4434",2014-01-13,"L2169",16.05,2014-01-13
"652","Hallowed Grounds",55.96,"2681",2014-01-13,"L1107",15.96,2014-01-13
"653","Brew've Been Served",11.49,"1286",2014-01-13,"L3572",11.49,2014-01-13
"654","Coffee Cameleon",17.76,"2142",2014-01-13,"L9637",17.76,2014-01-13
"655","Abila Airport",3617.47,"9220",2014-01-13,"L4063",3617.47,2014-01-13
"656","Brew've Been Served",6.69,"7819",2014-01-13,"L5259",6.69,2014-01-13
"657","Brew've Been Served",19.89,"8202",2014-01-13,"L2343",19.89,2014-01-13
"658","Kronos Pipe and Irrigation",2892.74,"9220",2014-01-13,"L4063",2852.74,2014-01-13
"659","Nationwide Refinery",204.58,"9735",2014-01-13,"L9633",204.58,2014-01-13
"660","Maximum Iron and Steel",689.85,"9220",2014-01-13,"L4063",689.85,2014-01-13
"661","Coffee Shack",4.09,"7117",2014-01-13,"L6417",4.09,2014-01-13
"662","Bean There Done That",7.93,"1415",2014-01-13,"L7783",7.93,2014-01-13
"663","Bean There Done That",98.02,"9635",2014-01-13,"L3191",18.02,2014-01-13
"664","Brewed Awakenings",12.69,"7688",2014-01-13,"L4164",12.69,2014-01-13
"665","Jack's Magical Beans",18.31,"6899",2014-01-13,"L6267",18.31,2014-01-13
"666","Brewed Awakenings",56.4,"2540",2014-01-13,"L5947",16.4,2014-01-13
"667","Bean There Done That",19.56,"1877",2014-01-13,"L3014",19.56,2014-01-13
"668","Brewed Awakenings",16.25,"8332",2014-01-13,"L2070",16.25,2014-01-13
"669","Bean There Done That",5.54,"1321",2014-01-13,"L4149",5.54,2014-01-13
"670","Bean There Done That",10.37,"1874",2014-01-13,"L4424",10.37,2014-01-13
"671","Bean There Done That",15.24,"9617",2014-01-13,"L5553",15.24,2014-01-13
"672","Bean There Done That",18.59,"6895",2014-01-13,"L3366",18.59,2014-01-13
"673","Carlyle Chemical Inc.",1718.96,"9220",2014-01-13,"L4063",1718.96,2014-01-13
"674","Jack's Magical Beans",5.22,"9241",2014-01-13,"L3288",5.22,2014-01-13
"675","Jack's Magical Beans",9.64,"8156",2014-01-13,"L5224",9.64,2014-01-13
"676","Jack's Magical Beans",17.52,"2463",2014-01-13,"L6886",17.52,2014-01-13
"677","Abila Airport",4417.03,"8642",2014-01-13,"L2769",4417.03,2014-01-13
"678","Hippokampos",17.17,"4434",2014-01-13,"L2169",17.17,2014-01-13
"679","Ouzeri Elian",19.82,"9220",2014-01-13,"L4063",19.82,2014-01-13
"680","Gelatogalore",32.83,"8156",2014-01-13,"L5224",32.83,2014-01-13
"681","Abila Zacharo",79.95,"6816",2014-01-13,"L8148",39.95,2014-01-13
"682","Katerina's Cafe",38.98,"2418",2014-01-13,"L9018",38.98,2014-01-13
"683","Hippokampos",35.73,"7253",2014-01-13,"L1682",35.73,2014-01-13
"684","Abila Zacharo",8.72,"9683",2014-01-13,"L7291",8.72,2014-01-13
"685","Hippokampos",30.51,"9551",2014-01-13,"L5777",30.51,2014-01-13
"686","Guy's Gyros",27.49,"2540",2014-01-13,"L5947",27.49,2014-01-13
"687","Katerina's Cafe",26.15,"6899",2014-01-13,"L6267",26.15,2014-01-13
"688","Abila Zacharo",27.3,"1321",2014-01-13,"L4149",27.3,2014-01-13
"689","Hippokampos",59.9,"7354",2014-01-13,"L9254",39.9,2014-01-13
"690","Ouzeri Elian",95.03,"4795",2014-01-13,"L8566",35.03,2014-01-13
"691","Guy's Gyros",37.37,"2142",2014-01-13,"L9637",37.37,2014-01-13
"692","Katerina's Cafe",8.29,"1874",2014-01-13,"L4424",8.29,2014-01-13
"693","Guy's Gyros",29.25,"2463",2014-01-13,"L6886",29.25,2014-01-13
"694","Gelatogalore",36.93,"1415",2014-01-13,"L7783",36.93,2014-01-13
"695","Abila Zacharo",11.99,"9635",2014-01-13,"L3191",11.99,2014-01-13
"696","Abila Zacharo",116.32,"3853",2014-01-13,"L1485",36.32,2014-01-13
"697","Ouzeri Elian",8.32,"1310",2014-01-13,"L8012",8.32,2014-01-13
"698","Katerina's Cafe",24.26,"3492",2014-01-13,"L7814",24.26,2014-01-13
"699","Hippokampos",91.97,"7384",2014-01-13,"L3800",31.97,2014-01-13
"700","Abila Zacharo",17.41,"7819",2014-01-13,"L5259",17.41,2014-01-13
"701","Guy's Gyros",21.03,"8411",2014-01-13,"L6110",21.03,2014-01-13
"702","Katerina's Cafe",29.55,"3547",2014-01-13,"L9362",29.55,2014-01-13
"703","Kalami Kafenion",20.33,"5368",2014-01-13,"L2247",20.33,2014-01-13
"704","Guy's Gyros",38.07,"7117",2014-01-13,"L6417",38.07,2014-01-13
"705","Gelatogalore",36.24,"8202",2014-01-13,"L2343",36.24,2014-01-13
"706","Gelatogalore",117.17,"2681",2014-01-13,"L1107",37.17,2014-01-13
"707","Hippokampos",25.09,"9617",2014-01-13,"L5553",25.09,2014-01-13
"708","Ouzeri Elian",29.75,"1877",2014-01-13,"L3014",29.75,2014-01-13
"709","Guy's Gyros",12.76,"6901",2014-01-13,"L9363",12.76,2014-01-13
"710","Hippokampos",26.96,"4948",2014-01-13,"L9406",26.96,2014-01-13
"711","Guy's Gyros",116.87,"8129",2014-01-13,"L8328",36.87,2014-01-13
"712","Abila Airport",2228.08,"8642",2014-01-13,"L2769",2228.08,2014-01-13
"713","Shoppers' Delight",216.43,"3853",2014-01-13,"L1485",216.43,2014-01-13
"714","Ouzeri Elian",28.75,"9551",2014-01-13,"L5777",28.75,2014-01-13
"715","Frydos Autosupply n' More",188.57,"8129",2014-01-13,"L8328",188.57,2014-01-13
"716","Katerina's Cafe",89.83,"3547",2014-01-13,"L9362",29.83,2014-01-13
"717","Frydos Autosupply n' More",64.6,"8411",2014-01-13,"L6110",64.6,2014-01-13
"718","Guy's Gyros",22.34,"7354",2014-01-13,"L9254",22.34,2014-01-13
"719","Guy's Gyros",20.47,"4795",2014-01-13,"L8566",20.47,2014-01-13
"720","Guy's Gyros",36.89,"7384",2014-01-13,"L3800",36.89,2014-01-13
"721","Guy's Gyros",15.84,"7819",2014-01-13,"L5259",15.84,2014-01-13
"722","Katerina's Cafe",35.7,"2142",2014-01-13,"L9637",35.7,2014-01-13
"723","Katerina's Cafe",91.36,"1310",2014-01-13,"L8012",11.36,2014-01-13
"724","Albert's Fine Clothing",288,"7688",2014-01-13,"L4164",288,2014-01-13
"725","Hippokampos",29.22,"2463",2014-01-13,"L6886",29.22,2014-01-13
"726","Hippokampos",31.59,"1415",2014-01-13,"L7783",31.59,2014-01-13
"727","Albert's Fine Clothing",49.48,"1321",2014-01-13,"L4149",49.48,2014-01-13
"728","Ouzeri Elian",21.83,"2681",2014-01-13,"L1107",21.83,2014-01-13
"729","Shoppers' Delight",144.4,"6901",2014-01-13,"L9363",144.4,2014-01-13
"730","Katerina's Cafe",55.82,"7889",2014-01-13,"L6119",15.82,2014-01-13
"731","Guy's Gyros",37.5,"7108",2014-01-13,"L6544",37.5,2014-01-13
"732","Katerina's Cafe",27.59,"1874",2014-01-13,"L4424",27.59,2014-01-13
"733","Guy's Gyros",19.77,"5368",2014-01-13,"L2247",19.77,2014-01-13
"734","Frydos Autosupply n' More",202.05,"2418",2014-01-13,"L9018",202.05,2014-01-13
"735","Hippokampos",31.47,"8332",2014-01-13,"L2070",31.47,2014-01-13
"736","Hippokampos",32.29,"7117",2014-01-13,"L6417",32.29,2014-01-13
"737","Katerina's Cafe",33.11,"9405",2014-01-13,"L3259",33.11,2014-01-13
"738","Brew've Been Served",14.67,"5368",2014-01-14,"L2247",14.67,2014-01-14
"739","Brew've Been Served",4.72,"4795",2014-01-14,"L8566",4.72,2014-01-14
"740","Hallowed Grounds",10.75,"7889",2014-01-14,"L6119",10.75,2014-01-14
"741","Brew've Been Served",7.31,"7354",2014-01-14,"L9254",7.31,2014-01-14
"742","Coffee Cameleon",9.8,"3547",2014-01-14,"L9362",9.8,2014-01-14
"743","Brew've Been Served",5.87,"9683",2014-01-14,"L7291",5.87,2014-01-14
"744","Hallowed Grounds",4.59,"1310",2014-01-14,"L8012",4.59,2014-01-14
"745","Hallowed Grounds",16.67,"8129",2014-01-14,"L8328",16.67,2014-01-14
"746","Brew've Been Served",14.04,"4948",2014-01-14,"L9406",14.04,2014-01-14
"747","Hallowed Grounds",13,"7108",2014-01-14,"L6544",13,2014-01-14
"748","Brew've Been Served",10.96,"3484",2014-01-14,"L2490",10.96,2014-01-14
"749","Brew've Been Served",16.53,"9405",2014-01-14,"L3259",16.53,2014-01-14
"750","Brew've Been Served",6.45,"3853",2014-01-14,"L1485",6.45,2014-01-14
"751","Coffee Cameleon",11.67,"2418",2014-01-14,"L9018",11.67,2014-01-14
"752","Coffee Cameleon",15.63,"7253",2014-01-14,"L1682",15.63,2014-01-14
"753","Brew've Been Served",9.53,"8202",2014-01-14,"L2343",9.53,2014-01-14
"754","Brew've Been Served",8.24,"7384",2014-01-14,"L3800",8.24,2014-01-14
"755","Brew've Been Served",3.66,"6816",2014-01-14,"L8148",3.66,2014-01-14
"756","Hallowed Grounds",19.99,"1874",2014-01-14,"L4424",19.99,2014-01-14
"757","Hallowed Grounds",50.21,"9617",2014-01-14,"L5553",10.21,2014-01-14
"758","Coffee Cameleon",7.84,"2142",2014-01-14,"L9637",7.84,2014-01-14
"759","Brew've Been Served",11.94,"7819",2014-01-14,"L5259",11.94,2014-01-14
"760","Brew've Been Served",3.21,"1286",2014-01-14,"L3572",3.21,2014-01-14
"761","Brew've Been Served",16.39,"5407",2014-01-14,"L4034",16.39,2014-01-14
"762","Hallowed Grounds",10.65,"2681",2014-01-14,"L1107",10.65,2014-01-14
"763","Brew've Been Served",11.53,"8411",2014-01-14,"L6110",11.53,2014-01-14
"764","Brew've Been Served",12.31,"6901",2014-01-14,"L9363",12.31,2014-01-14
"765","Hallowed Grounds",6.16,"6691",2014-01-14,"L6267",6.16,2014-01-14
"766","Carlyle Chemical Inc.",3630.57,"7792",2014-01-14,"L5756",3630.57,2014-01-14
"767","Nationwide Refinery",965.72,"9735",2014-01-14,"L9633",965.72,2014-01-14
"768","Stewart and Sons Fabrication",600.19,"3506",2014-01-14,"L7761",540.19,2014-01-14
"769","Nationwide Refinery",570.95,"7792",2014-01-14,"L5756",570.95,2014-01-14
"770","Stewart and Sons Fabrication",278.52,"9735",2014-01-14,"L9633",278.52,2014-01-14
"771","Coffee Shack",3.63,"7117",2014-01-14,"L6417",3.63,2014-01-14
"772","Bean There Done That",7.28,"1415",2014-01-14,"L7783",7.28,2014-01-14
"773","Bean There Done That",19.37,"9635",2014-01-14,"L3191",19.37,2014-01-14
"774","Brewed Awakenings",17.14,"7688",2014-01-14,"L4164",17.14,2014-01-14
"775","Brewed Awakenings",8.3,"2540",2014-01-14,"L5947",8.3,2014-01-14
"776","Brewed Awakenings",11.35,"8332",2014-01-14,"L2070",11.35,2014-01-14
"777","Bean There Done That",5.9,"6895",2014-01-14,"L3366",5.9,2014-01-14
"778","Jack's Magical Beans",63.36,"9241",2014-01-14,"L3288",3.36,2014-01-14
"779","Jack's Magical Beans",95.7,"8156",2014-01-14,"L5224",15.7,2014-01-14
"780","Abila Airport",228.41,"8642",2014-01-14,"L2769",228.41,2014-01-14
"781","Nationwide Refinery",1341.01,"3506",2014-01-14,"L7761",1301.01,2014-01-14
"782","Abila Airport",3379.21,"2276",2014-01-14,"L3317",3339.21,2014-01-14
"783","Katerina's Cafe",29.12,"8156",2014-01-14,"L5224",29.12,2014-01-14
"784","Hippokampos",36.01,"7253",2014-01-14,"L1682",36.01,2014-01-14
"785","Chostus Hotel",109.54,"2540",2014-01-14,"L5947",109.54,2014-01-14
"786","Chostus Hotel",113.08,"9683",2014-01-14,"L7291",113.08,2014-01-14
"787","Katerina's Cafe",10.03,"6895",2014-01-14,"L3366",10.03,2014-01-14
"788","Kalami Kafenion",17.38,"9635",2014-01-14,"L3191",17.38,2014-01-14
"789","Kalami Kafenion",15.15,"8332",2014-01-14,"L2070",15.15,2014-01-14
"790","Gelatogalore",27.26,"7384",2014-01-14,"L3800",27.26,2014-01-14
"791","Katerina's Cafe",20.95,"7354",2014-01-14,"L9254",20.95,2014-01-14
"792","Gelatogalore",39.17,"2463",2014-01-14,"L6886",39.17,2014-01-14
"793","Katerina's Cafe",29.1,"4795",2014-01-14,"L8566",29.1,2014-01-14
"794","Abila Zacharo",31.09,"8411",2014-01-14,"L6110",31.09,2014-01-14
"795","Abila Zacharo",15.26,"9405",2014-01-14,"L3259",15.26,2014-01-14
"796","Hippokampos",19.07,"3853",2014-01-14,"L1485",19.07,2014-01-14
"797","Abila Zacharo",10.24,"1310",2014-01-14,"L8012",10.24,2014-01-14
"798","Abila Zacharo",8.41,"6816",2014-01-14,"L8148",8.41,2014-01-14
"799","Ouzeri Elian",107.32,"3484",2014-01-14,"L2490",27.32,2014-01-14
"800","Kalami Kafenion",33.13,"5407",2014-01-14,"L4034",33.13,2014-01-14
"801","Hippokampos",98.81,"7889",2014-01-14,"L6119",18.81,2014-01-14
"802","Kalami Kafenion",23.1,"3492",2014-01-14,"L7814",23.1,2014-01-14
"803","Katerina's Cafe",31.69,"6691",2014-01-14,"L6267",31.69,2014-01-14
"804","Guy's Gyros",16.35,"1874",2014-01-14,"L4424",16.35,2014-01-14
"805","Gelatogalore",70.98,"1877",2014-01-14,"L3014",10.98,2014-01-14
"806","Guy's Gyros",38.26,"9617",2014-01-14,"L5553",38.26,2014-01-14
"807","Kalami Kafenion",27.65,"4948",2014-01-14,"L9406",27.65,2014-01-14
"808","Kalami Kafenion",15.27,"1321",2014-01-14,"L4149",15.27,2014-01-14
"809","Ouzeri Elian",62.3,"7108",2014-01-14,"L6544",22.3,2014-01-14
"810","Ouzeri Elian",33.67,"2681",2014-01-14,"L1107",33.67,2014-01-14
"811","Gelatogalore",35.97,"5368",2014-01-14,"L2247",35.97,2014-01-14
"812","Hippokampos",17.18,"6901",2014-01-14,"L9363",17.18,2014-01-14
"813","Katerina's Cafe",33.54,"7819",2014-01-14,"L5259",33.54,2014-01-14
"814","Ouzeri Elian",19.7,"7117",2014-01-14,"L6417",19.7,2014-01-14
"815","Gelatogalore",102.03,"8129",2014-01-14,"L8328",22.03,2014-01-14
"816","Abila Zacharo",24.87,"4434",2014-01-14,"L2169",24.87,2014-01-14
"817","Abila Scrapyard",4277.4,"2276",2014-01-14,"L3317",4277.4,2014-01-14
"818","Hippokampos",16.73,"8202",2014-01-14,"L2343",16.73,2014-01-14
"819","Carlyle Chemical Inc.",854.88,"7792",2014-01-14,"L5756",794.88,2014-01-14
"820","Abila Airport",4918.39,"8642",2014-01-14,"L2769",4898.39,2014-01-14
"821","Carlyle Chemical Inc.",3470.99,"7792",2014-01-14,"L5756",3470.99,2014-01-14
"822","Nationwide Refinery",4429.76,"2276",2014-01-14,"L3317",4429.76,2014-01-14
"823","Hippokampos",39.64,"1415",2014-01-14,"L7783",39.64,2014-01-14
"824","Guy's Gyros",23.59,"4795",2014-01-14,"L8566",23.59,2014-01-14
"825","Albert's Fine Clothing",50.77,"3484",2014-01-14,"L2490",50.77,2014-01-14
"826","Katerina's Cafe",91.8,"7889",2014-01-14,"L6119",31.8,2014-01-14
"827","Guy's Gyros",35.12,"5368",2014-01-14,"L2247",35.12,2014-01-14
"828","Katerina's Cafe",36.95,"3547",2014-01-14,"L9362",36.95,2014-01-14
"829","Guy's Gyros",12.96,"7384",2014-01-14,"L3800",12.96,2014-01-14
"830","Katerina's Cafe",31.94,"5407",2014-01-14,"L4034",31.94,2014-01-14
"831","Hippokampos",9.55,"2463",2014-01-14,"L6886",9.55,2014-01-14
"832","Katerina's Cafe",12.65,"1874",2014-01-14,"L4424",12.65,2014-01-14
"833","Guy's Gyros",25.28,"7819",2014-01-14,"L5259",25.28,2014-01-14
"834","Ouzeri Elian",11.86,"6899",2014-01-14,"L6267",11.86,2014-01-14
"835","Frydos Autosupply n' More",42.72,"4434",2014-01-14,"L2169",42.72,2014-01-14
"836","Katerina's Cafe",11.89,"3492",2014-01-14,"L7814",11.89,2014-01-14
"837","Katerina's Cafe",46.61,"8202",2014-01-14,"L2343",26.61,2014-01-14
"838","Frydos Autosupply n' More",146.74,"6901",2014-01-14,"L9363",146.74,2014-01-14
"839","Ouzeri Elian",80.95,"2681",2014-01-14,"L1107",20.95,2014-01-14
"840","Albert's Fine Clothing",228.72,"9635",2014-01-14,"L3191",228.72,2014-01-14
"841","Katerina's Cafe",25.4,"8411",2014-01-14,"L6110",25.4,2014-01-14
"842","Katerina's Cafe",18.35,"9617",2014-01-14,"L5553",18.35,2014-01-14
"843","Roberts and Sons",223.81,"9405",2014-01-14,"L3259",203.81,2014-01-14
"844","Frydos Autosupply n' More",49.21,"4948",2014-01-14,"L9406",49.21,2014-01-14
"845","Hippokampos",22.13,"2540",2014-01-14,"L5947",22.13,2014-01-14
"846","Guy's Gyros",26.14,"7354",2014-01-14,"L9254",26.14,2014-01-14
"847","Brew've Been Served",3.71,"7384",2014-01-15,"L3800",3.71,2014-01-15
"848","Hallowed Grounds",5.28,"9617",2014-01-15,"L5553",5.28,2014-01-15
"849","Brew've Been Served",15.5,"6816",2014-01-15,"L8148",15.5,2014-01-15
"850","Brew've Been Served",19.87,"9683",2014-01-15,"L7291",19.87,2014-01-15
"851","Hallowed Grounds",12.17,"7108",2014-01-15,"L6544",12.17,2014-01-15
"852","Coffee Cameleon",19.93,"2142",2014-01-15,"L9637",19.93,2014-01-15
"853","Brew've Been Served",11.47,"9405",2014-01-15,"L3259",11.47,2014-01-15
"854","Brew've Been Served",6.58,"7819",2014-01-15,"L5259",6.58,2014-01-15
"855","Brew've Been Served",11.23,"1286",2014-01-15,"L3572",11.23,2014-01-15
"856","Coffee Cameleon",14.47,"3547",2014-01-15,"L9362",14.47,2014-01-15
"857","Hallowed Grounds",78.69,"6691",2014-01-15,"L6267",18.69,2014-01-15
"858","Coffee Cameleon",5.49,"7253",2014-01-15,"L1682",5.49,2014-01-15
"859","Brew've Been Served",4.92,"4795",2014-01-15,"L8566",4.92,2014-01-15
"860","Brew've Been Served",3.14,"4948",2014-01-15,"L9406",3.14,2014-01-15
"861","Brew've Been Served",5.75,"8411",2014-01-15,"L6110",5.75,2014-01-15
"862","Brew've Been Served",14.06,"3484",2014-01-15,"L2490",14.06,2014-01-15
"863","Hallowed Grounds",14.33,"3492",2014-01-15,"L7814",14.33,2014-01-15
"864","Brew've Been Served",8.42,"5368",2014-01-15,"L2247",8.42,2014-01-15
"865","Brew've Been Served",49.7,"4434",2014-01-15,"L2169",9.7,2014-01-15
"866","Brew've Been Served",15.58,"3853",2014-01-15,"L1485",15.58,2014-01-15
"867","Coffee Cameleon",56.31,"2418",2014-01-15,"L9018",16.31,2014-01-15
"868","Brew've Been Served",3.47,"8202",2014-01-15,"L2343",3.47,2014-01-15
"869","Hallowed Grounds",14.39,"2681",2014-01-15,"L1107",14.39,2014-01-15
"870","Brew've Been Served",18.58,"6901",2014-01-15,"L9363",18.58,2014-01-15
"871","Carlyle Chemical Inc.",3608.08,"7792",2014-01-15,"L5756",3608.08,2014-01-15
"872","Nationwide Refinery",1391.24,"9735",2014-01-15,"L9633",1391.24,2014-01-15
"873","Stewart and Sons Fabrication",4545.38,"9152",2014-01-15,"L5485",4485.38,2014-01-15
"874","Nationwide Refinery",3004.98,"7792",2014-01-15,"L5756",3004.98,2014-01-15
"875","Bean There Done That",5.34,"9635",2014-01-15,"L3191",5.34,2014-01-15
"876","Brewed Awakenings",91.62,"2540",2014-01-15,"L5947",11.62,2014-01-15
"877","Bean There Done That",93.13,"1877",2014-01-15,"L3014",13.13,2014-01-15
"878","Brewed Awakenings",3.62,"8332",2014-01-15,"L2070",3.62,2014-01-15
"879","Bean There Done That",18.96,"1321",2014-01-15,"L4149",18.96,2014-01-15
"880","Bean There Done That",15.24,"6895",2014-01-15,"L3366",15.24,2014-01-15
"881","Jack's Magical Beans",5.3,"9241",2014-01-15,"L3288",5.3,2014-01-15
"882","Jack's Magical Beans",84.06,"8156",2014-01-15,"L5224",4.06,2014-01-15
"883","Jack's Magical Beans",19.54,"2463",2014-01-15,"L6886",19.54,2014-01-15
"884","Abila Airport",3152.41,"8642",2014-01-15,"L2769",3152.41,2014-01-15
"885","Kalami Kafenion",22.39,"8156",2014-01-15,"L5224",22.39,2014-01-15
"886","Ouzeri Elian",8.93,"7253",2014-01-15,"L1682",8.93,2014-01-15
"887","Hippokampos",36.7,"8332",2014-01-15,"L2070",36.7,2014-01-15
"888","Hippokampos",118.89,"9683",2014-01-15,"L7291",38.89,2014-01-15
"889","Katerina's Cafe",24.15,"7792",2014-01-15,"L5756",24.15,2014-01-15
"890","Katerina's Cafe",88.56,"2418",2014-01-15,"L9018",28.56,2014-01-15
"891","Guy's Gyros",14.37,"1415",2014-01-15,"L7783",14.37,2014-01-15
"892","Abila Zacharo",31,"7889",2014-01-15,"L6119",31,2014-01-15
"893","Ouzeri Elian",12.9,"3484",2014-01-15,"L2490",12.9,2014-01-15
"894","Hippokampos",13,"6899",2014-01-15,"L6267",13,2014-01-15
"895","Abila Zacharo",23.51,"7688",2014-01-15,"L4164",23.51,2014-01-15
"896","Ouzeri Elian",36.47,"1321",2014-01-15,"L4149",36.47,2014-01-15
"897","Kalami Kafenion",26.17,"1874",2014-01-15,"L4424",26.17,2014-01-15
"898","Kalami Kafenion",37.15,"8411",2014-01-15,"L6110",37.15,2014-01-15
"899","Kalami Kafenion",38.5,"5407",2014-01-15,"L4034",38.5,2014-01-15
"900","Gelatogalore",9.61,"2463",2014-01-15,"L6886",9.61,2014-01-15
"901","Ouzeri Elian",25.7,"5368",2014-01-15,"L2247",25.7,2014-01-15
"902","Hippokampos",82.61,"2540",2014-01-15,"L5947",22.61,2014-01-15
"903","Hippokampos",32.4,"1877",2014-01-15,"L3014",32.4,2014-01-15
"904","Ouzeri Elian",22.86,"7108",2014-01-15,"L6544",22.86,2014-01-15
"905","Guy's Gyros",15.89,"2142",2014-01-15,"L9637",15.89,2014-01-15
"906","Abila Zacharo",88.83,"9635",2014-01-15,"L3191",8.83,2014-01-15
"907","Kalami Kafenion",47.86,"6895",2014-01-15,"L3366",27.86,2014-01-15
"908","Guy's Gyros",12.19,"6691",2014-01-15,"L6267",12.19,2014-01-15
"909","Gelatogalore",24.96,"7117",2014-01-15,"L6417",24.96,2014-01-15
"910","Guy's Gyros",16.58,"8202",2014-01-15,"L2343",16.58,2014-01-15
"911","Ouzeri Elian",26.61,"8129",2014-01-15,"L8328",26.61,2014-01-15
"912","Gelatogalore",31.21,"3853",2014-01-15,"L1485",31.21,2014-01-15
"913","Gelatogalore",39.4,"7819",2014-01-15,"L5259",39.4,2014-01-15
"914","Abila Zacharo",33.8,"3547",2014-01-15,"L9362",33.8,2014-01-15
"915","Gelatogalore",42.36,"2681",2014-01-15,"L1107",22.36,2014-01-15
"916","Guy's Gyros",25.58,"9617",2014-01-15,"L5553",25.58,2014-01-15
"917","Katerina's Cafe",12.12,"1310",2014-01-15,"L8012",12.12,2014-01-15
"918","Hippokampos",118.23,"4434",2014-01-15,"L2169",38.23,2014-01-15
"919","Abila Zacharo",24.53,"3492",2014-01-15,"L7814",24.53,2014-01-15
"920","Abila Zacharo",46.82,"4948",2014-01-15,"L9406",26.82,2014-01-15
"921","Kronos Pipe and Irrigation",2564,"4530",2014-01-15,"L8477",2564,2014-01-15
"922","Kalami Kafenion",28.82,"6901",2014-01-15,"L9363",28.82,2014-01-15
"923","Carlyle Chemical Inc.",1112.04,"7792",2014-01-15,"L5756",1112.04,2014-01-15
"924","Maximum Iron and Steel",4788.22,"4530",2014-01-15,"L8477",4788.22,2014-01-15
"925","Abila Airport",875.87,"8642",2014-01-15,"L2769",875.87,2014-01-15
"926","Carlyle Chemical Inc.",1392.73,"7792",2014-01-15,"L5756",1392.73,2014-01-15
"927","Ouzeri Elian",28.86,"9241",2014-01-15,"L3288",28.86,2014-01-15
"928","Katerina's Cafe",39.23,"3492",2014-01-15,"L7814",39.23,2014-01-15
"929","Frydos Autosupply n' More",18.91,"2540",2014-01-15,"L5947",18.91,2014-01-15
"930","Guy's Gyros",98.04,"3484",2014-01-15,"L2490",18.04,2014-01-15
"931","Guy's Gyros",31.04,"4434",2014-01-15,"L2169",31.04,2014-01-15
"932","General Grocer",126.2,"7819",2014-01-15,"L5259",106.2,2014-01-15
"933","Guy's Gyros",28.75,"7354",2014-01-15,"L9254",28.75,2014-01-15
"934","Frydos Autosupply n' More",235.27,"9683",2014-01-15,"L7291",235.27,2014-01-15
"935","Katerina's Cafe",11.45,"9617",2014-01-15,"L5553",11.45,2014-01-15
"936","Guy's Gyros",36.35,"6816",2014-01-15,"L8148",36.35,2014-01-15
"937","Hippokampos",35.12,"9635",2014-01-15,"L3191",35.12,2014-01-15
"938","Shoppers' Delight",162,"8332",2014-01-15,"L2070",102,2014-01-15
"939","Katerina's Cafe",29.33,"8411",2014-01-15,"L6110",29.33,2014-01-15
"940","Hippokampos",10.35,"1321",2014-01-15,"L4149",10.35,2014-01-15
"941","Katerina's Cafe",39.63,"1310",2014-01-15,"L8012",39.63,2014-01-15
"942","Hippokampos",16.37,"1877",2014-01-15,"L3014",16.37,2014-01-15
"943","Katerina's Cafe",61.61,"8202",2014-01-15,"L2343",21.61,2014-01-15
"944","Ouzeri Elian",23.18,"6899",2014-01-15,"L6267",23.18,2014-01-15
"945","Katerina's Cafe",29.66,"2418",2014-01-15,"L9018",29.66,2014-01-15
"946","Albert's Fine Clothing",228.15,"7117",2014-01-15,"L6417",228.15,2014-01-15
"947","Frydos Autosupply n' More",276.88,"4948",2014-01-15,"L9406",276.88,2014-01-15
"948","Guy's Gyros",61.43,"3853",2014-01-15,"L1485",21.43,2014-01-15
"949","Katerina's Cafe",13.77,"7253",2014-01-15,"L1682",13.77,2014-01-15
"950","Guy's Gyros",27.01,"1286",2014-01-15,"L3572",27.01,2014-01-15
"951","Ouzeri Elian",8.57,"2681",2014-01-15,"L1107",8.57,2014-01-15
"952","Hippokampos",101.14,"6895",2014-01-15,"L3366",21.14,2014-01-15
"953","Katerina's Cafe",27.48,"3547",2014-01-15,"L9362",27.48,2014-01-15
"954","Hippokampos",37.16,"8156",2014-01-15,"L5224",37.16,2014-01-15
"955","Kronos Mart",298.83,"7108",2014-01-16,"L6544",258.83,2014-01-15
"956","Brew've Been Served",25.05,"5368",2014-01-16,"L2247",5.05,2014-01-16
"957","Brew've Been Served",8.18,"7354",2014-01-16,"L9254",8.18,2014-01-16
"958","Brew've Been Served",19.9,"3484",2014-01-16,"L2490",19.9,2014-01-16
"959","Coffee Cameleon",67.19,"3547",2014-01-16,"L9362",7.19,2014-01-16
"960","Hallowed Grounds",13.84,"7889",2014-01-16,"L6119",13.84,2014-01-16
"961","Hallowed Grounds",18.2,"7108",2014-01-16,"L6544",18.2,2014-01-16
"962","Hallowed Grounds",17.74,"3492",2014-01-16,"L7814",17.74,2014-01-16
"963","Hallowed Grounds",17.92,"8129",2014-01-16,"L8328",17.92,2014-01-16
"964","Brew've Been Served",7.31,"7384",2014-01-16,"L3800",7.31,2014-01-16
"965","Hallowed Grounds",44.98,"9617",2014-01-16,"L5553",4.98,2014-01-16
"966","Brew've Been Served",12.67,"1286",2014-01-16,"L3572",12.67,2014-01-16
"967","Brew've Been Served",4.7,"4795",2014-01-16,"L8566",4.7,2014-01-16
"968","Brew've Been Served",83.84,"4948",2014-01-16,"L9406",3.84,2014-01-16
"969","Hallowed Grounds",7.22,"1874",2014-01-16,"L4424",7.22,2014-01-16
"970","Brew've Been Served",12.83,"6816",2014-01-16,"L8148",12.83,2014-01-16
"971","Brew've Been Served",5.82,"3853",2014-01-16,"L1485",5.82,2014-01-16
"972","Coffee Cameleon",63.14,"2418",2014-01-16,"L9018",3.14,2014-01-16
"973","Hallowed Grounds",72.61,"9405",2014-01-16,"L3259",12.61,2014-01-16
"974","Hallowed Grounds",12.19,"9551",2014-01-16,"L5777",12.19,2014-01-16
"975","Hallowed Grounds",18.23,"6691",2014-01-16,"L6267",18.23,2014-01-16
"976","Brew've Been Served",17.44,"4434",2014-01-16,"L2169",17.44,2014-01-16
"977","Hallowed Grounds",4.6,"2681",2014-01-16,"L1107",4.6,2014-01-16
"978","Brew've Been Served",16.9,"7819",2014-01-16,"L5259",16.9,2014-01-16
"979","Brew've Been Served",11.21,"8411",2014-01-16,"L6110",11.21,2014-01-16
"980","Abila Airport",1676.53,"3506",2014-01-16,"L7761",1676.53,2014-01-16
"981","Carlyle Chemical Inc.",419.93,"7792",2014-01-16,"L5756",419.93,2014-01-16
"982","Nationwide Refinery",1494.44,"9735",2014-01-16,"L9633",1494.44,2014-01-16
"983","Stewart and Sons Fabrication",940.3,"3506",2014-01-16,"L7761",860.3,2014-01-16
"984","Nationwide Refinery",4742.67,"7792",2014-01-16,"L5756",4742.67,2014-01-16
"985","Stewart and Sons Fabrication",4543.31,"9735",2014-01-16,"L9633",4543.31,2014-01-16
"986","Coffee Shack",10.48,"7117",2014-01-16,"L6417",10.48,2014-01-16
"987","Bean There Done That",19.82,"1415",2014-01-16,"L7783",19.82,2014-01-16
"988","Bean There Done That",12.33,"9635",2014-01-16,"L3191",12.33,2014-01-16
"989","Jack's Magical Beans",9.12,"6899",2014-01-16,"L6267",9.12,2014-01-16
"990","Brewed Awakenings",6.53,"2540",2014-01-16,"L5947",6.53,2014-01-16
"991","Bean There Done That",5.56,"1877",2014-01-16,"L3014",5.56,2014-01-16
"992","Brewed Awakenings",6.39,"8332",2014-01-16,"L2070",6.39,2014-01-16
"993","Bean There Done That",17.4,"6895",2014-01-16,"L3366",17.4,2014-01-16
"994","Jack's Magical Beans",14.86,"9241",2014-01-16,"L3288",14.86,2014-01-16
"995","Jack's Magical Beans",12.56,"8156",2014-01-16,"L5224",12.56,2014-01-16
"996","Jack's Magical Beans",6.95,"2463",2014-01-16,"L6886",6.95,2014-01-16
"997","Nationwide Refinery",2047.28,"3506",2014-01-16,"L7761",2047.28,2014-01-16
"998","Abila Airport",3917.3,"8642",2014-01-16,"L2769",3917.3,2014-01-16
"999","Katerina's Cafe",11.08,"9683",2014-01-16,"L7291",11.08,2014-01-16
"1000","Katerina's Cafe",27.82,"7688",2014-01-16,"L4164",27.82,2014-01-16
"1001","Hippokampos",17.66,"8332",2014-01-16,"L2070",17.66,2014-01-16
"1002","Abila Airport",3138.98,"2276",2014-01-16,"L3317",3138.98,2014-01-16
"1003","Guy's Gyros",31.48,"7889",2014-01-16,"L6119",31.48,2014-01-16
"1004","Katerina's Cafe",34.9,"7792",2014-01-16,"L5756",34.9,2014-01-16
"1005","Hippokampos",36.17,"6899",2014-01-16,"L6267",36.17,2014-01-16
"1006","Katerina's Cafe",34.02,"3484",2014-01-16,"L2490",34.02,2014-01-16
"1007","Katerina's Cafe",39.74,"5407",2014-01-16,"L4034",39.74,2014-01-16
"1008","Abila Zacharo",31.31,"3547",2014-01-16,"L9362",31.31,2014-01-16
"1009","Guy's Gyros",10.27,"9551",2014-01-16,"L5777",10.27,2014-01-16
"1010","Hippokampos",16.53,"7253",2014-01-16,"L1682",16.53,2014-01-16
"1011","Hippokampos",10.38,"2540",2014-01-16,"L5947",10.38,2014-01-16
"1012","Gelatogalore",12.33,"2463",2014-01-16,"L6886",12.33,2014-01-16
"1013","Hippokampos",13.05,"6691",2014-01-16,"L6267",13.05,2014-01-16
"1014","Hippokampos",31.14,"1415",2014-01-16,"L7783",31.14,2014-01-16
"1015","Gelatogalore",22.19,"9405",2014-01-16,"L3259",22.19,2014-01-16
"1016","Guy's Gyros",29.7,"7819",2014-01-16,"L5259",29.7,2014-01-16
"1017","Hippokampos",14.89,"1321",2014-01-16,"L4149",14.89,2014-01-16
"1018","Katerina's Cafe",38.32,"5368",2014-01-16,"L2247",38.32,2014-01-16
"1019","Guy's Gyros",13.48,"6816",2014-01-16,"L8148",13.48,2014-01-16
"1020","Hippokampos",18.18,"7354",2014-01-16,"L9254",18.18,2014-01-16
"1021","Ouzeri Elian",12.47,"3853",2014-01-16,"L1485",12.47,2014-01-16
"1022","Kalami Kafenion",9.27,"8202",2014-01-16,"L2343",9.27,2014-01-16
"1023","Kalami Kafenion",91.38,"9635",2014-01-16,"L3191",31.38,2014-01-16
"1024","Abila Zacharo",24.38,"4948",2014-01-16,"L9406",24.38,2014-01-16
"1025","Gelatogalore",32.4,"1874",2014-01-16,"L4424",32.4,2014-01-16
"1026","Hippokampos",29.93,"9617",2014-01-16,"L5553",29.93,2014-01-16
"1027","Kalami Kafenion",11.83,"3492",2014-01-16,"L7814",11.83,2014-01-16
"1028","Kalami Kafenion",8.86,"7384",2014-01-16,"L3800",8.86,2014-01-16
"1029","Abila Zacharo",8.43,"6901",2014-01-16,"L9363",8.43,2014-01-16
"1030","Ouzeri Elian",8.52,"2418",2014-01-16,"L9018",8.52,2014-01-16
"1031","Ouzeri Elian",8.47,"7117",2014-01-16,"L6417",8.47,2014-01-16
"1032","Guy's Gyros",32.8,"1877",2014-01-16,"L3014",32.8,2014-01-16
"1033","Octavio's Office Supplies",131.01,"5368",2014-01-16,"L2247",131.01,2014-01-16
"1034","Abila Scrapyard",1897.05,"2276",2014-01-16,"L3317",1897.05,2014-01-16
"1035","Gelatogalore",10.62,"4434",2014-01-16,"L2169",10.62,2014-01-16
"1036","Carlyle Chemical Inc.",1814.24,"7792",2014-01-16,"L5756",1814.24,2014-01-16
"1037","Katerina's Cafe",93.68,"8411",2014-01-16,"L6110",13.68,2014-01-16
"1038","Guy's Gyros",25.57,"7384",2014-01-16,"L3800",25.57,2014-01-16
"1039","Guy's Gyros",8.31,"3484",2014-01-16,"L2490",8.31,2014-01-16
"1040","Katerina's Cafe",10.93,"7889",2014-01-16,"L6119",10.93,2014-01-16
"1041","Guy's Gyros",37.8,"4795",2014-01-16,"L8566",37.8,2014-01-16
"1042","Frydos Autosupply n' More",53.37,"1874",2014-01-16,"L4424",53.37,2014-01-16
"1043","Katerina's Cafe",69.3,"5407",2014-01-16,"L4034",29.3,2014-01-16
"1044","Albert's Fine Clothing",283.38,"7117",2014-01-16,"L6417",283.38,2014-01-16
"1045","Katerina's Cafe",18.79,"8129",2014-01-16,"L8328",18.79,2014-01-16
"1046","Guy's Gyros",28.27,"6901",2014-01-16,"L9363",28.27,2014-01-16
"1047","Hippokampos",29.13,"1321",2014-01-16,"L4149",29.13,2014-01-16
"1048","Guy's Gyros",111.31,"9683",2014-01-16,"L7291",31.31,2014-01-16
"1049","Guy's Gyros",30.76,"6816",2014-01-16,"L8148",30.76,2014-01-16
"1050","Katerina's Cafe",13.91,"9617",2014-01-16,"L5553",13.91,2014-01-16
"1051","Ouzeri Elian",23.89,"6899",2014-01-16,"L6267",23.89,2014-01-16
"1052","Albert's Fine Clothing",91.71,"7819",2014-01-16,"L5259",91.71,2014-01-16
"1053","Katerina's Cafe",35.43,"2418",2014-01-16,"L9018",35.43,2014-01-16
"1054","Roberts and Sons",155.76,"4434",2014-01-16,"L2169",155.76,2014-01-16
"1055","Ouzeri Elian",22.65,"2681",2014-01-16,"L1107",22.65,2014-01-16
"1056","Ouzeri Elian",9.91,"9551",2014-01-16,"L5777",9.91,2014-01-16
"1057","Katerina's Cafe",30.84,"9405",2014-01-16,"L3259",10.84,2014-01-16
"1058","Guy's Gyros",11.31,"7108",2014-01-16,"L6544",11.31,2014-01-16
"1059","Katerina's Cafe",19.44,"2142",2014-01-16,"L9637",19.44,2014-01-16
"1060","Katerina's Cafe",30.56,"8202",2014-01-16,"L2343",30.56,2014-01-16
"1061","Hippokampos",114,"6895",2014-01-16,"L3366",34,2014-01-16
"1062","Shoppers' Delight",160.69,"1877",2014-01-16,"L3014",100.69,2014-01-16
"1063","Shoppers' Delight",16.84,"1286",2014-01-16,"L3572",16.84,2014-01-16
"1064","Katerina's Cafe",34.58,"3492",2014-01-16,"L7814",34.58,2014-01-16
"1065","Roberts and Sons",240.66,"7354",2014-01-16,"L9254",240.66,2014-01-16
"1066","Frydos Autosupply n' More",130.01,"4948",2014-01-16,"L9406",130.01,2014-01-16
"1067","Hippokampos",20.84,"7688",2014-01-16,"L4164",20.84,2014-01-16
"1068","Ouzeri Elian",29.99,"9241",2014-01-16,"L3288",29.99,2014-01-16
"1069","Brew've Been Served",52.56,"7384",2014-01-17,"L3800",12.56,2014-01-17
"1070","Hallowed Grounds",3.25,"1310",2014-01-17,"L8012",3.25,2014-01-17
"1071","Hallowed Grounds",14.58,"7889",2014-01-17,"L6119",14.58,2014-01-17
"1072","Brew've Been Served",11.69,"5368",2014-01-17,"L2247",11.69,2014-01-17
"1073","Coffee Cameleon",10.27,"3547",2014-01-17,"L9362",10.27,2014-01-17
"1074","Hallowed Grounds",15.98,"9617",2014-01-17,"L5553",15.98,2014-01-17
"1075","Brew've Been Served",8.07,"4948",2014-01-17,"L9406",8.07,2014-01-17
"1076","Coffee Cameleon",6.81,"7253",2014-01-17,"L1682",6.81,2014-01-17
"1077","Hallowed Grounds",18.6,"1874",2014-01-17,"L4424",18.6,2014-01-17
"1078","Coffee Cameleon",9.16,"6816",2014-01-17,"L8148",9.16,2014-01-17
"1079","Hallowed Grounds",9.72,"5010",2014-01-17,"L2459",9.72,2014-01-17
"1080","Brew've Been Served",10.52,"7354",2014-01-17,"L9254",10.52,2014-01-17
"1081","Hallowed Grounds",5.52,"6691",2014-01-17,"L6267",5.52,2014-01-17
"1082","Brew've Been Served",19.39,"4795",2014-01-17,"L8566",19.39,2014-01-17
"1083","Brew've Been Served",13.66,"3484",2014-01-17,"L2490",13.66,2014-01-17
"1084","Hallowed Grounds",38.22,"3492",2014-01-17,"L7814",18.22,2014-01-17
"1085","Hallowed Grounds",9.4,"9551",2014-01-17,"L5777",9.4,2014-01-17
"1086","Brew've Been Served",16.62,"9405",2014-01-17,"L3259",16.62,2014-01-17
"1087","Coffee Cameleon",7.49,"2418",2014-01-17,"L9018",7.49,2014-01-17
"1088","Kronos Mart",286.24,"1415",2014-01-17,"L7783",286.24,2014-01-16
"1089","Brew've Been Served",18.15,"5407",2014-01-17,"L4034",18.15,2014-01-17
"1090","Brew've Been Served",3.09,"3853",2014-01-17,"L1485",3.09,2014-01-17
"1091","Brew've Been Served",5.29,"6901",2014-01-17,"L9363",5.29,2014-01-17
"1092","Brew've Been Served",14.58,"8411",2014-01-17,"L6110",14.58,2014-01-17
"1093","Brew've Been Served",15.46,"7819",2014-01-17,"L5259",15.46,2014-01-17
"1094","Brew've Been Served",51.04,"1286",2014-01-17,"L3572",11.04,2014-01-17
"1095","Stewart and Sons Fabrication",1753.17,"9735",2014-01-17,"L9633",1753.17,2014-01-17
"1096","Coffee Shack",19.16,"7117",2014-01-17,"L6417",19.16,2014-01-17
"1097","Bean There Done That",19.67,"1415",2014-01-17,"L7783",19.67,2014-01-17
"1098","Bean There Done That",8.21,"9635",2014-01-17,"L3191",8.21,2014-01-17
"1099","Brewed Awakenings",8.16,"7688",2014-01-17,"L4164",8.16,2014-01-17
"1100","Jack's Magical Beans",7.57,"6899",2014-01-17,"L6267",7.57,2014-01-17
"1101","Brewed Awakenings",88.69,"2540",2014-01-17,"L5947",8.69,2014-01-17
"1102","Bean There Done That",19.56,"1877",2014-01-17,"L3014",19.56,2014-01-17
"1103","Brewed Awakenings",6,"8332",2014-01-17,"L2070",6,2014-01-17
"1104","Bean There Done That",18.72,"1321",2014-01-17,"L4149",18.72,2014-01-17
"1105","Bean There Done That",5.77,"6895",2014-01-17,"L3366",5.77,2014-01-17
"1106","Jack's Magical Beans",19.11,"9241",2014-01-17,"L3288",19.11,2014-01-17
"1107","Abila Zacharo",68.78,"8332",2014-01-17,"L2070",8.78,2014-01-17
"1108","Kalami Kafenion",140.78,"7253",2014-01-17,"L1682",140.78,2014-01-17
"1109","Hippokampos",38.21,"2418",2014-01-17,"L9018",38.21,2014-01-17
"1110","Gelatogalore",15.84,"8156",2014-01-17,"L5224",15.84,2014-01-17
"1111","Guy's Gyros",8.64,"7688",2014-01-17,"L4164",8.64,2014-01-17
"1112","Guy's Gyros",22.18,"3484",2014-01-17,"L2490",22.18,2014-01-17
"1113","Hippokampos",14.57,"4795",2014-01-17,"L8566",14.57,2014-01-17
"1114","Abila Zacharo",15.95,"5010",2014-01-17,"L2459",15.95,2014-01-17
"1115","Hippokampos",15.77,"6816",2014-01-17,"L8148",15.77,2014-01-17
"1116","Gelatogalore",23.23,"9635",2014-01-17,"L3191",23.23,2014-01-17
"1117","Kalami Kafenion",105.32,"2463",2014-01-17,"L6886",25.32,2014-01-17
"1118","Guy's Gyros",39.14,"3853",2014-01-17,"L1485",39.14,2014-01-17
"1119","Abila Zacharo",14.51,"2142",2014-01-17,"L9637",14.51,2014-01-17
"1120","Katerina's Cafe",21.01,"3547",2014-01-17,"L9362",21.01,2014-01-17
"1121","Abila Zacharo",79.67,"7354",2014-01-17,"L9254",39.67,2014-01-17
"1122","Gelatogalore",18.1,"2681",2014-01-17,"L1107",18.1,2014-01-17
"1123","Katerina's Cafe",13.11,"1321",2014-01-17,"L4149",13.11,2014-01-17
"1124","Chostus Hotel",114.22,"9683",2014-01-17,"L7291",114.22,2014-01-17
"1125","Kalami Kafenion",20.02,"1874",2014-01-17,"L4424",20.02,2014-01-17
"1126","Gelatogalore",34.59,"7819",2014-01-17,"L5259",34.59,2014-01-17
"1127","Hippokampos",108.35,"9617",2014-01-17,"L5553",28.35,2014-01-17
"1128","Kalami Kafenion",24.21,"8411",2014-01-17,"L6110",24.21,2014-01-17
"1129","Katerina's Cafe",35.52,"4434",2014-01-17,"L2169",35.52,2014-01-17
"1130","Chostus Hotel",159.62,"2540",2014-01-17,"L5947",119.62,2014-01-17
"1131","Gelatogalore",21.62,"3492",2014-01-17,"L7814",21.62,2014-01-17
"1132","Kalami Kafenion",27.73,"7108",2014-01-17,"L6544",27.73,2014-01-17
"1133","Guy's Gyros",15.12,"8202",2014-01-17,"L2343",15.12,2014-01-17
"1134","Guy's Gyros",21.1,"7117",2014-01-17,"L6417",21.1,2014-01-17
"1135","Abila Zacharo",51.95,"5368",2014-01-17,"L2247",11.95,2014-01-17
"1136","Katerina's Cafe",70.72,"4948",2014-01-17,"L9406",30.72,2014-01-17
"1137","Ouzeri Elian",26.1,"8129",2014-01-17,"L8328",26.1,2014-01-17
"1138","Katerina's Cafe",22.18,"3492",2014-01-17,"L7814",22.18,2014-01-17
"1139","Guy's Gyros",19.68,"6816",2014-01-17,"L8148",19.68,2014-01-17
"1140","Hippokampos",19.76,"7117",2014-01-17,"L6417",19.76,2014-01-17
"1141","Ouzeri Elian",38.6,"6899",2014-01-17,"L6267",38.6,2014-01-17
"1142","Albert's Fine Clothing",1239.41,"1321",2014-01-17,"L4149",1239.41,2014-01-17
"1143","Guy's Gyros",16.83,"6901",2014-01-17,"L9363",16.83,2014-01-17
"1144","Guy's Gyros",35.1,"4795",2014-01-17,"L8566",35.1,2014-01-17
"1145","Katerina's Cafe",34.93,"8129",2014-01-17,"L8328",14.93,2014-01-17
"1146","Frydos Autosupply n' More",124.52,"4948",2014-01-17,"L9406",124.52,2014-01-17
"1147","Hippokampos",8.92,"2540",2014-01-17,"L5947",8.92,2014-01-17
"1148","Shoppers' Delight",155.01,"7384",2014-01-17,"L3800",155.01,2014-01-17
"1149","Katerina's Cafe",21.22,"1310",2014-01-17,"L8012",21.22,2014-01-17
"1150","Guy's Gyros",37.55,"3484",2014-01-17,"L2490",37.55,2014-01-17
"1151","Katerina's Cafe",36.12,"8202",2014-01-17,"L2343",36.12,2014-01-17
"1152","Katerina's Cafe",19.09,"7253",2014-01-17,"L1682",19.09,2014-01-17
"1153","Guy's Gyros",8.31,"7819",2014-01-17,"L5259",8.31,2014-01-17
"1154","Shoppers' Delight",289.33,"1286",2014-01-17,"L3572",269.33,2014-01-17
"1155","Guy's Gyros",8.54,"3853",2014-01-17,"L1485",8.54,2014-01-17
"1156","Ouzeri Elian",35.81,"9551",2014-01-17,"L5777",35.81,2014-01-17
"1157","Ouzeri Elian",26.4,"2681",2014-01-17,"L1107",26.4,2014-01-17
"1158","General Grocer",98.03,"7108",2014-01-17,"L6544",78.03,2014-01-17
"1159","Hippokampos",11.93,"7688",2014-01-17,"L4164",11.93,2014-01-17
"1160","Katerina's Cafe",38.21,"2142",2014-01-17,"L9637",38.21,2014-01-17
"1161","Guy's Gyros",29.71,"9683",2014-01-17,"L7291",29.71,2014-01-17
"1162","Katerina's Cafe",33.73,"5407",2014-01-17,"L4034",33.73,2014-01-17
"1163","Katerina's Cafe",27.49,"9405",2014-01-17,"L3259",27.49,2014-01-17
"1164","Guy's Gyros",55.4,"4434",2014-01-17,"L2169",15.4,2014-01-17
"1165","Frydos Autosupply n' More",67.29,"5368",2014-01-17,"L2247",67.29,2014-01-17
"1166","Hippokampos",38.19,"2463",2014-01-17,"L6886",38.19,2014-01-17
"1167","Hippokampos",12.86,"9635",2014-01-17,"L3191",12.86,2014-01-17
"1168","Chostus Hotel",600,"5010",2014-01-18,"L2459",600,2014-01-18
"1169","Abila Zacharo",111.93,"8156",2014-01-18,"L5224",111.93,2014-01-18
"1170","Katerina's Cafe",34.54,"6691",2014-01-18,"L6267",34.54,2014-01-18
"1171","Ouzeri Elian",33.57,"6895",2014-01-18,"L3366",33.57,2014-01-18
"1172","Kalami Kafenion",30.12,"5368",2014-01-18,"L2247",30.12,2014-01-18
"1173","Hippokampos",100.11,"1877",2014-01-18,"L3014",20.11,2014-01-18
"1174","Abila Zacharo",18.45,"7253",2014-01-18,"L1682",18.45,2014-01-18
"1175","Guy's Gyros",27.4,"1874",2014-01-18,"L4424",27.4,2014-01-18
"1176","Kalami Kafenion",38.91,"2463",2014-01-18,"L6886",38.91,2014-01-18
"1177","Abila Zacharo",16.59,"9551",2014-01-18,"L5777",16.59,2014-01-18
"1178","Katerina's Cafe",19.3,"3484",2014-01-18,"L2490",19.3,2014-01-18
"1179","Kalami Kafenion",24.14,"1321",2014-01-18,"L4149",24.14,2014-01-18
"1180","Gelatogalore",84.38,"2681",2014-01-18,"L1107",24.38,2014-01-18
"1181","Katerina's Cafe",37.26,"8411",2014-01-18,"L6110",37.26,2014-01-18
"1182","Kalami Kafenion",42.73,"8202",2014-01-18,"L2343",42.73,2014-01-18
"1183","Katerina's Cafe",96.36,"7688",2014-01-18,"L4164",96.36,2014-01-18
"1184","Guy's Gyros",47.89,"9617",2014-01-18,"L5553",47.89,2014-01-18
"1185","Kalami Kafenion",53.36,"6901",2014-01-18,"L9363",53.36,2014-01-18
"1186","Ahaggo Museum",120.2,"7384",2014-01-18,"L3800",120.2,2014-01-18
"1187","Albert's Fine Clothing",35.66,"6895",2014-01-18,"L3366",35.66,2014-01-18
"1188","Frydos Autosupply n' More",103.41,"5368",2014-01-18,"L2247",103.41,2014-01-18
"1189","General Grocer",477.6,"3547",2014-01-18,"L9362",477.6,2014-01-18
"1190","Frydos Autosupply n' More",361.54,"1874",2014-01-18,"L4424",281.54,2014-01-18
"1191","Shoppers' Delight",258.33,"8156",2014-01-18,"L5224",258.33,2014-01-18
"1192","Roberts and Sons",62.47,"7253",2014-01-18,"L1682",62.47,2014-01-18
"1193","Frydos Autosupply n' More",103.55,"1877",2014-01-18,"L3014",103.55,2014-01-18
"1194","Frydos Autosupply n' More",120.67,"2463",2014-01-18,"L6886",120.67,2014-01-18
"1195","Albert's Fine Clothing",189.52,"6691",2014-01-18,"L6267",189.52,2014-01-18
"1196","Frank's Fuel",52.66,"9635",2014-01-18,"L3191",52.66,2014-01-18
"1197","Frydos Autosupply n' More",234.53,"5407",2014-01-18,"L4034",234.53,2014-01-18
"1198","Albert's Fine Clothing",226.49,"8156",2014-01-18,"L5224",226.49,2014-01-18
"1199","Guy's Gyros",39.68,"3484",2014-01-18,"L2490",39.68,2014-01-18
"1200","Roberts and Sons",266.69,"9617",2014-01-18,"L5553",266.69,2014-01-18
"1201","Ouzeri Elian",57.63,"6899",2014-01-18,"L6267",57.63,2014-01-18
"1202","Guy's Gyros",28.07,"5368",2014-01-18,"L2247",28.07,2014-01-18
"1203","Ouzeri Elian",61.56,"9551",2014-01-18,"L5777",21.56,2014-01-18
"1204","Katerina's Cafe",8.14,"7889",2014-01-18,"L6119",8.14,2014-01-18
"1205","Katerina's Cafe",22.74,"1874",2014-01-18,"L4424",22.74,2014-01-18
"1206","Katerina's Cafe",33.41,"4434",2014-01-18,"L2169",33.41,2014-01-18
"1207","Hippokampos",27.21,"6895",2014-01-18,"L3366",27.21,2014-01-18
"1208","Abila Zacharo",21.29,"4795",2014-01-18,"L8566",21.29,2014-01-18
"1209","Hippokampos",53.21,"2463",2014-01-18,"L6886",53.21,2014-01-18
"1210","Kalami Kafenion",71.14,"9635",2014-01-18,"L3191",11.14,2014-01-18
"1211","Hippokampos",63.21,"8332",2014-01-18,"L2070",63.21,2014-01-18
"1212","Ouzeri Elian",14.9,"2681",2014-01-18,"L1107",14.9,2014-01-18
"1213","Katerina's Cafe",76.1,"3547",2014-01-18,"L9362",76.1,2014-01-18
"1214","Katerina's Cafe",33.63,"1310",2014-01-18,"L8012",33.63,2014-01-18
"1215","Katerina's Cafe",32.68,"2418",2014-01-18,"L9018",32.68,2014-01-18
"1216","Katerina's Cafe",45.88,"8411",2014-01-18,"L6110",45.88,2014-01-18
"1217","General Grocer",108.49,"6901",2014-01-18,"L9363",108.49,2014-01-18
"1218","Katerina's Cafe",19.31,"7354",2014-01-18,"L9254",19.31,2014-01-18
"1219","Hippokampos",72.5,"1415",2014-01-18,"L7783",72.5,2014-01-18
"1220","Katerina's Cafe",9.72,"3853",2014-01-18,"L1485",9.72,2014-01-18
"1221","Katerina's Cafe",37.21,"7819",2014-01-18,"L5259",37.21,2014-01-18
"1222","Hippokampos",55.03,"7117",2014-01-18,"L6417",55.03,2014-01-18
"1223","Kronos Mart",87.66,"3484",2014-01-19,"L2490",87.66,2014-01-18
"1224","Kronos Mart",194.51,"9551",2014-01-19,"L5777",194.51,2014-01-18
"1225","Kronos Mart",150.36,"8332",2014-01-19,"L2070",150.36,2014-01-18
"1226","Desafio Golf Course",150.07,"8156",2014-01-19,"L5224",150.07,2014-01-19
"1227","Desafio Golf Course",145.72,"7688",2014-01-19,"L4164",145.72,2014-01-19
"1228","Katerina's Cafe",35.01,"7354",2014-01-19,"L9254",35.01,2014-01-19
"1229","Gelatogalore",22.36,"6895",2014-01-19,"L3366",22.36,2014-01-19
"1230","Katerina's Cafe",70.22,"4795",2014-01-19,"L8566",70.22,2014-01-19
"1231","Ahaggo Museum",26.91,"9241",2014-01-19,"L3288",26.91,2014-01-19
"1232","Ouzeri Elian",23.65,"3484",2014-01-19,"L2490",23.65,2014-01-19
"1233","Desafio Golf Course",190.91,"8332",2014-01-19,"L2070",190.91,2014-01-19
"1234","Katerina's Cafe",26.76,"4434",2014-01-19,"L2169",26.76,2014-01-19
"1235","Ouzeri Elian",45.32,"7384",2014-01-19,"L3800",45.32,2014-01-19
"1236","Abila Zacharo",47.8,"6901",2014-01-19,"L9363",47.8,2014-01-19
"1237","General Grocer",70.22,"6895",2014-01-19,"L3366",70.22,2014-01-19
"1238","Desafio Golf Course",110.02,"2463",2014-01-19,"L6886",110.02,2014-01-19
"1239","Frydos Autosupply n' More",56.09,"3484",2014-01-19,"L2490",56.09,2014-01-19
"1240","Albert's Fine Clothing",274.66,"2142",2014-01-19,"L9637",274.66,2014-01-19
"1241","Desafio Golf Course",148.22,"5010",2014-01-19,"L2459",148.22,2014-01-19
"1242","Frydos Autosupply n' More",209.76,"4795",2014-01-19,"L8566",209.76,2014-01-19
"1243","Katerina's Cafe",72.25,"3547",2014-01-19,"L9362",12.25,2014-01-19
"1244","Hippokampos",101.25,"9635",2014-01-19,"L3191",101.25,2014-01-19
"1245","Hippokampos",48.23,"8332",2014-01-19,"L2070",48.23,2014-01-19
"1246","Hippokampos",46.32,"6895",2014-01-19,"L3366",46.32,2014-01-19
"1247","Guy's Gyros",65.21,"7384",2014-01-19,"L3800",65.21,2014-01-19
"1248","Guy's Gyros",58.35,"3484",2014-01-19,"L2490",58.35,2014-01-19
"1249","Frydos Autosupply n' More",98.04,"9405",2014-01-19,"L3259",98.04,2014-01-19
"1250","Guy's Gyros",25.79,"5010",2014-01-19,"L2459",25.79,2014-01-19
"1251","Ouzeri Elian",67.98,"6899",2014-01-19,"L6267",67.98,2014-01-19
"1252","Guy's Gyros",100.36,"6816",2014-01-19,"L8148",40.36,2014-01-19
"1253","Katerina's Cafe",34.03,"7889",2014-01-19,"L6119",34.03,2014-01-19
"1254","Shoppers' Delight",30.39,"2142",2014-01-19,"L9637",30.39,2014-01-19
"1255","Hippokampos",63.17,"2463",2014-01-19,"L6886",63.17,2014-01-19
"1256","Guy's Gyros",18.08,"7354",2014-01-19,"L9254",18.08,2014-01-19
"1257","Albert's Fine Clothing",254.29,"2540",2014-01-19,"L5947",254.29,2014-01-19
"1258","Katerina's Cafe",33.79,"1874",2014-01-19,"L4424",33.79,2014-01-19
"1259","Guy's Gyros",36.87,"7108",2014-01-19,"L6544",36.87,2014-01-19
"1260","Hippokampos",78.96,"1415",2014-01-19,"L7783",78.96,2014-01-19
"1261","Guy's Gyros",37.48,"9683",2014-01-19,"L7291",37.48,2014-01-19
"1262","Katerina's Cafe",38.9,"9617",2014-01-19,"L5553",38.9,2014-01-19
"1263","Guy's Gyros",20.94,"3853",2014-01-19,"L1485",20.94,2014-01-19
"1264","Guy's Gyros",31.94,"4434",2014-01-19,"L2169",31.94,2014-01-19
"1265","Guy's Gyros",39.6,"6901",2014-01-19,"L9363",39.6,2014-01-19
